Date,Time,Message Type,Instrument code,Exchange Code,Security Type,Unknown,Open interest,Bit flag to updated last/high/low/open/vol/composite,Source of realtime message
15/04/2022,10:30:00:617,R,IXN23MKB24000,126,2,1.40788e+18,46,23,FH
15/04/2022,10:30:00:636,R,IXN23AKB33000,126,2,1.40788e+18,42,23,FH
15/04/2022,10:30:00:636,R,IXN23AKB25000,126,2,1.40788e+18,21,23,FH
15/04/2022,10:30:00:682,R,IXN23MKB28500,126,2,1.40788e+18,11,23,FH
15/04/2022,10:30:00:740,R,IXN23MKB27500,126,2,1.40788e+18,18,23,FH
15/04/2022,10:30:00:818,R,IXN23AKB36500,126,2,1.40788e+18,48,23,FH
15/04/2022,10:30:01:010,R,IXN23AKB27500,126,2,1.40788e+18,4,23,FH
15/04/2022,10:30:01:023,R,IXN23AKB34000,126,2,1.40788e+18,27,23,FH
15/04/2022,10:30:01:072,R,IXN23AKB35000,126,2,1.40788e+18,113,23,FH
15/04/2022,10:30:01:726,R,IXN23AKB18000,126,2,1.40788e+18,1,23,FH
15/04/2022,10:30:01:726,R,IXN23AKB39000,126,2,1.40788e+18,127,23,FH
15/04/2022,10:30:01:789,R,IXN23MKB40000,126,2,1.40788e+18,79,23,FH
15/04/2022,10:30:01:806,R,IXN23MKB15500,126,2,1.40788e+18,7,23,FH
15/04/2022,10:30:01:806,R,IXN23MKB20500,126,2,1.40788e+18,87,23,FH
15/04/2022,10:30:01:868,R,IXN23AKB41500,126,2,1.40788e+18,3,23,FH
15/04/2022,10:30:01:868,R,IXN23AKB42500,126,2,1.40788e+18,9,23,FH
15/04/2022,10:30:01:931,R,IXN23MKB38500,126,2,1.40788e+18,11,23,FH
15/04/2022,10:30:01:994,R,IXN23MKB19000,126,2,1.40788e+18,1,23,FH
15/04/2022,10:30:02:042,R,IXN22FHB30500,126,2,1.40788e+18,19,23,FH
15/04/2022,10:30:02:107,R,IXN22IGB27000,126,2,1.40788e+18,6,23,FH
15/04/2022,10:30:02:107,R,IXN22UGB31500,126,2,1.40788e+18,72,23,FH
15/04/2022,10:30:02:124,R,IXN22FHB33000,126,2,1.40788e+18,549,23,FH
15/04/2022,10:30:02:124,R,IXN22UGB29000,126,2,1.40788e+18,39,23,FH
15/04/2022,10:30:02:124,R,IXN23MKB49500,126,2,1.40788e+18,1,23,FH
15/04/2022,10:30:02:168,R,IXN22UGB35500,126,2,1.40788e+18,4,23,FH
15/04/2022,10:30:02:168,R,IXN22IGB17000,126,2,1.40788e+18,1,23,FH
15/04/2022,10:30:02:183,R,IXN22FHB19500,126,2,1.40788e+18,4,23,FH
15/04/2022,10:30:02:183,R,IXN22FHB41500,126,2,1.40788e+18,566,23,FH
15/04/2022,10:30:02:200,R,IXN22RHB25000,126,2,1.40788e+18,352,23,FH
15/04/2022,10:30:02:200,R,IXN22RHB42000,126,2,1.40788e+18,17,23,FH
15/04/2022,10:30:02:245,R,IXN22RHB24000,126,2,1.40788e+18,6,23,FH
15/04/2022,10:30:02:245,R,IXN22UGB26500,126,2,1.40788e+18,23,23,FH
15/04/2022,10:30:02:245,R,IXN22RHB34500,126,2,1.40788e+18,231,23,FH
15/04/2022,10:30:02:260,R,IXN22FHB40000,126,2,1.40788e+18,137,23,FH
15/04/2022,10:30:02:262,R,IXN22RHB31500,126,2,1.40788e+18,456,23,FH
15/04/2022,10:30:02:276,R,IXN22RHB29000,126,2,1.40788e+18,74,23,FH
15/04/2022,10:30:02:309,R,IXN22UGB43000,126,2,1.40788e+18,12,23,FH
15/04/2022,10:30:02:309,R,IXN22UGB23000,126,2,1.40788e+18,25,23,FH
15/04/2022,10:30:02:323,R,IXN22RHB22500,126,2,1.40788e+18,1,23,FH
15/04/2022,10:30:02:323,R,IXN22FHB17500,126,2,1.40788e+18,1,23,FH
15/04/2022,10:30:02:341,R,IXN22RHB37000,126,2,1.40788e+18,13,23,FH
15/04/2022,10:30:02:341,R,IXN22FHB38000,126,2,1.40788e+18,501,23,FH
15/04/2022,10:30:02:372,R,IXN22IGB24500,126,2,1.40788e+18,2,23,FH
15/04/2022,10:30:02:385,R,IXN22RHB16500,126,2,1.40788e+18,2,23,FH
15/04/2022,10:30:02:385,R,IXN22IGB34000,126,2,1.40788e+18,11,23,FH
15/04/2022,10:30:02:400,R,IXN22IGB28500,126,2,1.40788e+18,3,23,FH
15/04/2022,10:30:02:400,R,IXN22RHB40500,126,2,1.40788e+18,1,23,FH
15/04/2022,10:30:02:448,R,IXN22IGB31000,126,2,1.40788e+18,5,23,FH
15/04/2022,10:30:02:448,R,IXN22IGB42000,126,2,1.40788e+18,46,23,FH
15/04/2022,10:30:02:511,R,IXN22FHB50000,126,2,1.40788e+18,15,23,FH
15/04/2022,10:30:02:589,R,IXN22FHB49000,126,2,1.40788e+18,5,23,FH
15/04/2022,10:30:02:634,R,IXN23AKB53000,126,2,1.40788e+18,3,23,FH
15/04/2022,10:30:03:401,R,IXN23AKB57500,126,2,1.40788e+18,8,23,FH
15/04/2022,10:30:03:900,R,IXN24MJB38000,126,2,1.40788e+18,2,23,FH
15/04/2022,10:30:03:963,R,IXN24AJB40000,126,2,1.40788e+18,40,23,FH
15/04/2022,10:30:03:994,R,IXN24AJB37500,126,2,1.40788e+18,4,23,FH
15/04/2022,10:30:04:145,R,IXN24AJB36500,126,2,1.40788e+18,7,23,FH
15/04/2022,10:30:04:145,R,IXN24AJB48000,126,2,1.40788e+18,6,23,FH
15/04/2022,10:30:04:195,R,IXN24AJB42000,126,2,1.40788e+18,3,23,FH
15/04/2022,10:30:04:209,R,IXN24AJB41000,126,2,1.40788e+18,2,23,FH
15/04/2022,10:30:04:954,R,IXN22QKB45000,126,2,1.40788e+18,1,23,FH
15/04/2022,10:30:05:070,R,IXN22QKB46500,126,2,1.40788e+18,4,23,FH
15/04/2022,10:30:05:131,R,IXN22EKB36000,126,2,1.40788e+18,187,23,FH
15/04/2022,10:30:05:131,R,IXN22EKB35000,126,2,1.40788e+18,129,23,FH
15/04/2022,10:30:05:193,R,IXN22QKB43000,126,2,1.40788e+18,3,23,FH
15/04/2022,10:30:05:193,R,IXN22EKB38500,126,2,1.40788e+18,44,23,FH
15/04/2022,10:30:05:259,R,IXN22EKB40000,126,2,1.40788e+18,302,23,FH
15/04/2022,10:30:05:385,R,IXN22EKB48000,126,2,1.40788e+18,9,23,FH
15/04/2022,10:30:05:711,R,IXN24MJB30000,126,2,1.40788e+18,4,23,FH
15/04/2022,10:30:05:773,R,IXN24MJB24500,126,2,1.40788e+18,4,23,FH
15/04/2022,10:30:05:773,R,IXN24AJB62500,126,2,1.40788e+18,2,23,FH
15/04/2022,10:30:05:836,R,IXN24MJB32000,126,2,1.40788e+18,2,23,FH
15/04/2022,10:30:05:912,R,IXN22EKB28500,126,2,1.40788e+18,22,23,FH
15/04/2022,10:30:05:930,R,IXN24AJB22500,126,2,1.40788e+18,3,23,FH
15/04/2022,10:30:05:959,R,IXN22QKB24500,126,2,1.40788e+18,15,23,FH
15/04/2022,10:30:05:974,R,IXN22EKB33000,126,2,1.40788e+18,419,23,FH
15/04/2022,10:30:05:992,R,IXN24AJB56000,126,2,1.40788e+18,4,23,FH
15/04/2022,10:30:06:269,R,IXN24MJB26500,126,2,1.40788e+18,1,23,FH
15/04/2022,10:30:06:318,R,IXN24AJB33000,126,2,1.40788e+18,27,23,FH
15/04/2022,10:30:06:334,R,IXN24MJB22500,126,2,1.40788e+18,1,23,FH
15/04/2022,10:30:06:394,R,IXN24AJB32000,126,2,1.40788e+18,1,23,FH
15/04/2022,10:30:06:396,R,IXN24AJB52500,126,2,1.40788e+18,2,23,FH
15/04/2022,10:30:06:458,R,IXN24AJB50500,126,2,1.40788e+18,9,23,FH
15/04/2022,10:30:06:521,R,IXN22QKB27500,126,2,1.40788e+18,536,23,FH
15/04/2022,10:30:06:583,R,IXN22QKB31500,126,2,1.40788e+18,160,23,FH
15/04/2022,10:30:06:583,R,IXN22QKB50500,126,2,1.40788e+18,1,23,FH
15/04/2022,10:30:06:645,R,IXN22EKB51500,126,2,1.40788e+18,6,23,FH
15/04/2022,10:30:09:138,R,IXN24AJB66000,126,2,1.40788e+18,13,23,FH
15/04/2022,10:30:11:510,R,IXN22TJB32500,126,2,1.40788e+18,94,23,FH
15/04/2022,10:30:11:964,R,IXN22TJB38000,126,2,1.40788e+18,1,23,FH
15/04/2022,10:30:12:228,R,IXN22TJB40000,126,2,1.40788e+18,3,23,FH
15/04/2022,10:30:12:290,R,IXN22HJB42000,126,2,1.40788e+18,4,23,FH
15/04/2022,10:30:12:461,R,IXN22TJB23500,126,2,1.40788e+18,25,23,FH
15/04/2022,10:30:12:475,R,IXN22HJB30000,126,2,1.40788e+18,8,23,FH
15/04/2022,10:30:12:837,R,IXN22TJB39500,126,2,1.40788e+18,2,23,FH
15/04/2022,10:30:12:883,R,IXN22TJB34500,126,2,1.40788e+18,6,23,FH
15/04/2022,10:30:12:883,R,IXN22TJB41000,126,2,1.40788e+18,1,23,FH
15/04/2022,10:30:12:930,R,IXN22TJB36500,126,2,1.40788e+18,15,23,FH
15/04/2022,10:30:13:373,R,IXN22QKB16500,126,2,1.40788e+18,1,23,FH
15/04/2022,10:30:13:423,R,IXN22TJB25000,126,2,1.40788e+18,49,23,FH
15/04/2022,10:30:13:423,R,IXN22HJB30500,126,2,1.40788e+18,1,23,FH
15/04/2022,10:30:13:463,R,IXN22TJB29000,126,2,1.40788e+18,9,23,FH
15/04/2022,10:30:17:267,R,IXN22KIB32500,126,2,1.40788e+18,1,23,FH
15/04/2022,10:30:18:282,R,IXN22WIB33000,126,2,1.40788e+18,2,23,FH
15/04/2022,10:30:18:436,R,IXN22WIB37500,126,2,1.40788e+18,13,23,FH
15/04/2022,10:30:19:623,R,IXN22KIB42000,126,2,1.40788e+18,1,23,FH
15/04/2022,10:30:51:651,R,IXN23MKB33500,126,2,1.40788e+18,27,23,FH
15/04/2022,10:30:51:665,R,IXN23MKB37500,126,2,1.40788e+18,12,23,FH
15/04/2022,10:30:52:491,R,IXN23MKB18500,126,2,1.40788e+18,6,23,FH
15/04/2022,10:30:52:491,R,IXN23MKB23000,126,2,1.40788e+18,217,23,FH
15/04/2022,10:30:52:600,R,IXN23MKB15000,126,2,1.40788e+18,26,23,FH
15/04/2022,10:30:52:741,R,IXN23MKB26500,126,2,1.40788e+18,10,23,FH
15/04/2022,10:30:52:774,R,IXN22RHB44000,126,2,1.40788e+18,8,23,FH
15/04/2022,10:30:52:774,R,IXN22RHB33500,126,2,1.40788e+18,837,23,FH
15/04/2022,10:30:52:834,R,IXN22RHB35000,126,2,1.40788e+18,221,23,FH
15/04/2022,10:30:52:834,R,IXN22FHB29500,126,2,1.40788e+18,15,23,FH
15/04/2022,10:30:52:881,R,IXN22IGB31500,126,2,1.40788e+18,27,23,FH
15/04/2022,10:30:52:898,R,IXN22UGB37500,126,2,1.40788e+18,16,23,FH
15/04/2022,10:30:52:946,R,IXN22UGB31000,126,2,1.40788e+18,79,23,FH
15/04/2022,10:30:52:946,R,IXN22UGB36500,126,2,1.40788e+18,23,23,FH
15/04/2022,10:30:52:992,R,IXN22UGB42500,126,2,1.40788e+18,12,23,FH
15/04/2022,10:30:53:507,R,IXN23MKB32500,126,2,1.40788e+18,34,23,FH
15/04/2022,10:30:53:538,R,IXN23MKB19500,126,2,1.40788e+18,7,23,FH
15/04/2022,10:30:53:569,R,IXN23MKB31500,126,2,1.40788e+18,16,23,FH
15/04/2022,10:30:53:569,R,IXN23AKB27000,126,2,1.40788e+18,39,23,FH
15/04/2022,10:30:53:586,R,IXN23MKB41500,126,2,1.40788e+18,99,23,FH
15/04/2022,10:30:53:646,R,IXN23AKB30500,126,2,1.40788e+18,215,23,FH
15/04/2022,10:30:53:652,R,IXN23AKB56000,126,2,1.40788e+18,7,23,FH
15/04/2022,10:30:53:882,R,IXN22FHB31000,126,2,1.40788e+18,5,23,FH
15/04/2022,10:30:53:943,R,IXN22FHB36000,126,2,1.40788e+18,58,23,FH
15/04/2022,10:30:53:943,R,IXN22FHB44500,126,2,1.40788e+18,6,23,FH
15/04/2022,10:30:53:991,R,IXN22IGB27500,126,2,1.40788e+18,5,23,FH
15/04/2022,10:30:53:991,R,IXN22IGB25000,126,2,1.40788e+18,6,23,FH
15/04/2022,10:30:54:022,R,IXN23MKB31000,126,2,1.40788e+18,47,23,FH
15/04/2022,10:30:54:022,R,IXN23MKB37000,126,2,1.40788e+18,550,23,FH
15/04/2022,10:30:54:052,R,IXN22UGB40000,126,2,1.40788e+18,4,23,FH
15/04/2022,10:30:54:054,R,IXN22FHB46000,126,2,1.40788e+18,17,23,FH
15/04/2022,10:30:54:115,R,IXN22UGB34000,126,2,1.40788e+18,36,23,FH
15/04/2022,10:30:54:115,R,IXN22UGB35000,126,2,1.40788e+18,136,23,FH
15/04/2022,10:30:54:163,R,IXN22IGB46000,126,2,1.40788e+18,2,23,FH
15/04/2022,10:30:54:179,R,IXN22IGB22000,126,2,1.40788e+18,1,23,FH
15/04/2022,10:30:54:286,R,IXN22FHB52000,126,2,1.40788e+18,2,23,FH
15/04/2022,10:30:54:460,R,IXN22IGB53500,126,2,1.40788e+18,1,23,FH
15/04/2022,10:30:54:552,R,IXN23MKB21500,126,2,1.40788e+18,15,23,FH
15/04/2022,10:30:54:567,R,IXN23MKB43000,126,2,1.40788e+18,8,23,FH
15/04/2022,10:30:54:615,R,IXN23MKB39000,126,2,1.40788e+18,15,23,FH
15/04/2022,10:30:54:661,R,IXN23MKB44000,126,2,1.40788e+18,1,23,FH
15/04/2022,10:30:54:832,R,IXN23AKB47500,126,2,1.40788e+18,44,23,FH
15/04/2022,10:30:54:848,R,IXN24MJB39000,126,2,1.40788e+18,62,23,FH
15/04/2022,10:30:54:911,R,IXN22FHB36500,126,2,1.40788e+18,753,23,FH
15/04/2022,10:30:54:911,R,IXN22FHB23000,126,2,1.40788e+18,3,23,FH
15/04/2022,10:30:54:960,R,IXN22UGB26000,126,2,1.40788e+18,1090,23,FH
15/04/2022,10:30:54:960,R,IXN22RHB43500,126,2,1.40788e+18,5,23,FH
15/04/2022,10:30:55:072,R,IXN22RHB27000,126,2,1.40788e+18,23,23,FH
15/04/2022,10:30:55:172,R,IXN22RHB28500,126,2,1.40788e+18,36,23,FH
15/04/2022,10:30:55:172,R,IXN22FHB48000,126,2,1.40788e+18,5,23,FH
15/04/2022,10:30:55:231,R,IXN22UGB33000,126,2,1.40788e+18,46,23,FH
15/04/2022,10:30:55:250,R,IXN22IGB41000,126,2,1.40788e+18,38,23,FH
15/04/2022,10:30:55:294,R,IXN22UGB22500,126,2,1.40788e+18,12,23,FH
15/04/2022,10:30:55:294,R,IXN22UGB24000,126,2,1.40788e+18,46,23,FH
15/04/2022,10:30:55:614,R,IXN24MJB35000,126,2,1.40788e+18,119,23,FH
15/04/2022,10:30:55:614,R,IXN24MJB37500,126,2,1.40788e+18,95,23,FH
15/04/2022,10:30:55:643,R,IXN22IGB57000,126,2,1.40788e+18,1,23,FH
15/04/2022,10:30:55:675,R,IXN24MJB43000,126,2,1.40788e+18,1,23,FH
15/04/2022,10:30:55:831,R,IXN22EKB34000,126,2,1.40788e+18,3288,23,FH
15/04/2022,10:30:55:831,R,IXN22QKB35500,126,2,1.40788e+18,269,23,FH
15/04/2022,10:30:55:895,R,IXN22QKB36500,126,2,1.40788e+18,217,23,FH
15/04/2022,10:30:55:895,R,IXN22EKB45500,126,2,1.40788e+18,5,23,FH
15/04/2022,10:30:56:190,R,IXN24AJB35500,126,2,1.40788e+18,6,23,FH
15/04/2022,10:30:56:596,R,IXN24MJB50500,126,2,1.40788e+18,132,23,FH
15/04/2022,10:30:56:690,R,IXN24AJB45000,126,2,1.40788e+18,32,23,FH
15/04/2022,10:30:56:690,R,IXN24MJB38500,126,2,1.40788e+18,29,23,FH
15/04/2022,10:30:56:706,R,IXN22EKB27000,126,2,1.40788e+18,2,23,FH
15/04/2022,10:30:56:706,R,IXN22EKB49000,126,2,1.40788e+18,6,23,FH
15/04/2022,10:30:56:751,R,IXN24AJB40500,126,2,1.40788e+18,1,23,FH
15/04/2022,10:30:57:140,R,IXN22EKB40500,126,2,1.40788e+18,255,23,FH
15/04/2022,10:30:57:155,R,IXN22EKB44000,126,2,1.40788e+18,56,23,FH
15/04/2022,10:30:57:217,R,IXN24AJB24000,126,2,1.40788e+18,1,23,FH
15/04/2022,10:30:57:491,R,IXN22QKB30000,126,2,1.40788e+18,1251,23,FH
15/04/2022,10:30:57:491,R,IXN22QKB23500,126,2,1.40788e+18,37,23,FH
15/04/2022,10:30:57:686,R,IXN22EKB38000,126,2,1.40788e+18,452,23,FH
15/04/2022,10:30:57:735,R,IXN22EKB39000,126,2,1.40788e+18,85,23,FH
15/04/2022,10:30:57:937,R,IXN24MJB20000,126,2,1.40788e+18,12,23,FH
15/04/2022,10:30:58:279,R,IXN24AJB26500,126,2,1.40788e+18,1,23,FH
15/04/2022,10:30:58:325,R,IXN24AJB33500,126,2,1.40788e+18,6,23,FH
15/04/2022,10:30:58:326,R,IXN24AJB28000,126,2,1.40788e+18,4,23,FH
15/04/2022,10:30:58:389,R,IXN24MJB52000,126,2,1.40788e+18,75,23,FH
15/04/2022,10:30:58:436,R,IXN22EKB31500,126,2,1.40788e+18,59,23,FH
15/04/2022,10:30:58:498,R,IXN22EKB51000,126,2,1.40788e+18,2,23,FH
15/04/2022,10:30:58:498,R,IXN22QKB25000,126,2,1.40788e+18,26,23,FH
15/04/2022,10:30:58:624,R,IXN24MJB30500,126,2,1.40788e+18,2,23,FH
15/04/2022,10:30:58:637,R,IXN24MJB21500,126,2,1.40788e+18,1,23,FH
15/04/2022,10:30:58:685,R,IXN24AJB25500,126,2,1.40788e+18,1,23,FH
15/04/2022,10:30:58:687,R,IXN24AJB29500,126,2,1.40788e+18,1,23,FH
15/04/2022,10:30:58:747,R,IXN24AJB28500,126,2,1.40788e+18,3,23,FH
15/04/2022,10:30:58:856,R,IXN22QKB23000,126,2,1.40788e+18,69,23,FH
15/04/2022,10:31:02:118,R,IXN22TJB35000,126,2,1.40788e+18,20,23,FH
15/04/2022,10:31:02:164,R,IXN22HJB38000,126,2,1.40788e+18,13,23,FH
15/04/2022,10:31:02:367,R,IXN22HJB40500,126,2,1.40788e+18,41,23,FH
15/04/2022,10:31:02:369,R,IXN22HJB37500,126,2,1.40788e+18,39,23,FH
15/04/2022,10:31:02:757,R,IXN22HJB28500,126,2,1.40788e+18,2,23,FH
15/04/2022,10:31:02:945,R,IXN22TJB29500,126,2,1.40788e+18,10,23,FH
15/04/2022,10:31:02:945,R,IXN22HJB31000,126,2,1.40788e+18,5,23,FH
15/04/2022,10:31:02:992,R,IXN22TJB26500,126,2,1.40788e+18,202,23,FH
15/04/2022,10:31:04:411,R,IXN22HJB34000,126,2,1.40788e+18,13,23,FH
15/04/2022,10:31:04:460,R,IXN22HJB40000,126,2,1.40788e+18,9,23,FH
15/04/2022,10:31:04:460,R,IXN22TJB37000,126,2,1.40788e+18,4,23,FH
15/04/2022,10:31:05:100,R,IXN22HJB24000,126,2,1.40788e+18,21,23,FH
15/04/2022,10:31:05:255,R,IXN24MJB18500,126,2,1.40788e+18,10,23,FH
15/04/2022,10:31:08:077,R,IXN22WIB36500,126,2,1.40788e+18,1,23,FH
15/04/2022,10:31:08:079,R,IXN22KIB34500,126,2,1.40788e+18,9,23,FH
15/04/2022,10:31:08:296,R,IXN22KIB33500,126,2,1.40788e+18,21,23,FH
15/04/2022,10:31:08:933,R,IXN24AJB15500,126,2,1.40788e+18,1,23,FH
15/04/2022,10:31:09:325,R,IXN22WIB40500,126,2,1.40788e+18,1,23,FH
15/04/2022,10:31:09:573,R,IXN22WIB34500,126,2,1.40788e+18,2,23,FH
15/04/2022,10:31:10:369,R,IXN22KIB31000,126,2,1.40788e+18,2,23,FH
15/04/2022,10:31:11:011,R,IXN22WIB22500,126,2,1.40788e+18,1,23,FH
15/04/2022,10:31:39:308,R,IXN23AKB35500,126,2,1.40788e+18,26,23,FH
15/04/2022,10:31:39:340,R,IXN23MKB28000,126,2,1.40788e+18,15,23,FH
15/04/2022,10:31:39:340,R,IXN23AKB25500,126,2,1.40788e+18,2,23,FH
15/04/2022,10:31:39:369,R,IXN23MKB36500,126,2,1.40788e+18,15,23,FH
15/04/2022,10:31:39:793,R,IXN23AKB44500,126,2,1.40788e+18,61,23,FH
15/04/2022,10:31:39:824,R,IXN23AKB20000,126,2,1.40788e+18,2,23,FH
15/04/2022,10:31:39:824,R,IXN23MKB40500,126,2,1.40788e+18,2,23,FH
15/04/2022,10:31:39:854,R,IXN23AKB45500,126,2,1.40788e+18,11,23,FH
15/04/2022,10:31:39:887,R,IXN23MKB35000,126,2,1.40788e+18,54,23,FH
15/04/2022,10:31:39:887,R,IXN23MKB34000,126,2,1.40788e+18,28,23,FH
15/04/2022,10:31:39:930,R,IXN23AKB47000,126,2,1.40788e+18,19,23,FH
15/04/2022,10:31:39:961,R,IXN22FHB27500,126,2,1.40788e+18,37,23,FH
15/04/2022,10:31:39:994,R,IXN22RHB32500,126,2,1.40788e+18,707,23,FH
15/04/2022,10:31:39:994,R,IXN22RHB36000,126,2,1.40788e+18,70,23,FH
15/04/2022,10:31:40:023,R,IXN22UGB28000,126,2,1.40788e+18,29,23,FH
15/04/2022,10:31:40:023,R,IXN22IGB33500,126,2,1.40788e+18,24,23,FH
15/04/2022,10:31:40:056,R,IXN22IGB32500,126,2,1.40788e+18,8,23,FH
15/04/2022,10:31:40:056,R,IXN22UGB17000,126,2,1.40788e+18,3,23,FH
15/04/2022,10:31:40:087,R,IXN22IGB44500,126,2,1.40788e+18,1,23,FH
15/04/2022,10:31:40:273,R,IXN23MKB38000,126,2,1.40788e+18,3,23,FH
15/04/2022,10:31:40:523,R,IXN22RHB43000,126,2,1.40788e+18,6,23,FH
15/04/2022,10:31:40:553,R,IXN22FHB34000,126,2,1.40788e+18,687,23,FH
15/04/2022,10:31:40:555,R,IXN22UGB29500,126,2,1.40788e+18,20,23,FH
15/04/2022,10:31:40:586,R,IXN22FHB46500,126,2,1.40788e+18,2,23,FH
15/04/2022,10:31:40:586,R,IXN22UGB30500,126,2,1.40788e+18,32,23,FH
15/04/2022,10:31:40:617,R,IXN22UGB42000,126,2,1.40788e+18,1,23,FH
15/04/2022,10:31:40:821,R,IXN23MKB23500,126,2,1.40788e+18,3,23,FH
15/04/2022,10:31:40:867,R,IXN23AKB24000,126,2,1.40788e+18,15,23,FH
15/04/2022,10:31:40:989,R,IXN24AJB36000,126,2,1.40788e+18,9,23,FH
15/04/2022,10:31:41:023,R,IXN24MJB37000,126,2,1.40788e+18,36,23,FH
15/04/2022,10:31:41:023,R,IXN24AJB49000,126,2,1.40788e+18,1,23,FH
15/04/2022,10:31:41:460,R,IXN23MKB42000,126,2,1.40788e+18,2,23,FH
15/04/2022,10:31:41:462,R,IXN24AJB39000,126,2,1.40788e+18,42,23,FH
15/04/2022,10:31:41:492,R,IXN23AKB40000,126,2,1.40788e+18,87,23,FH
15/04/2022,10:31:41:648,R,IXN22FHB35500,126,2,1.40788e+18,102,23,FH
15/04/2022,10:31:41:648,R,IXN22FHB28000,126,2,1.40788e+18,15,23,FH
15/04/2022,10:31:41:697,R,IXN22RHB30000,126,2,1.40788e+18,542,23,FH
15/04/2022,10:31:41:697,R,IXN22RHB40000,126,2,1.40788e+18,17,23,FH
15/04/2022,10:31:41:727,R,IXN22IGB36500,126,2,1.40788e+18,18,23,FH
15/04/2022,10:31:41:729,R,IXN22UGB38000,126,2,1.40788e+18,17,23,FH
15/04/2022,10:31:41:761,R,IXN22EKB47500,126,2,1.40788e+18,9,23,FH
15/04/2022,10:31:41:777,R,IXN22FHB47000,126,2,1.40788e+18,3,23,FH
15/04/2022,10:31:41:777,R,IXN22FHB48500,126,2,1.40788e+18,3,23,FH
15/04/2022,10:31:41:813,R,IXN23AKB50000,126,2,1.40788e+18,109,23,FH
15/04/2022,10:31:42:055,R,IXN22QKB34500,126,2,1.40788e+18,92,23,FH
15/04/2022,10:31:42:055,R,IXN22QKB37500,126,2,1.40788e+18,77,23,FH
15/04/2022,10:31:42:087,R,IXN22EKB44500,126,2,1.40788e+18,32,23,FH
15/04/2022,10:31:42:134,R,IXN24MJB25000,126,2,1.40788e+18,15,23,FH
15/04/2022,10:31:42:195,R,IXN23AKB32000,126,2,1.40788e+18,78,23,FH
15/04/2022,10:31:42:272,R,IXN22EKB49500,126,2,1.40788e+18,5,23,FH
15/04/2022,10:31:42:305,R,IXN22QKB30500,126,2,1.40788e+18,520,23,FH
15/04/2022,10:31:42:725,R,IXN24AJB27000,126,2,1.40788e+18,77,23,FH
15/04/2022,10:31:42:725,R,IXN24AJB34000,126,2,1.40788e+18,4,23,FH
15/04/2022,10:31:42:757,R,IXN24MJB50000,126,2,1.40788e+18,121,23,FH
15/04/2022,10:31:42:835,R,IXN22QKB29000,126,2,1.40788e+18,2065,23,FH
15/04/2022,10:31:42:869,R,IXN22QKB33500,126,2,1.40788e+18,496,23,FH
15/04/2022,10:31:42:869,R,IXN24MJB20500,126,2,1.40788e+18,2,23,FH
15/04/2022,10:31:42:973,R,IXN23AKB48500,126,2,1.40788e+18,2,23,FH
15/04/2022,10:31:43:053,R,IXN24MJB48500,126,2,1.40788e+18,10,23,FH
15/04/2022,10:31:43:053,R,IXN24AJB44000,126,2,1.40788e+18,3,23,FH
15/04/2022,10:31:43:068,R,IXN22RHB27500,126,2,1.40788e+18,1525,23,FH
15/04/2022,10:31:43:068,R,IXN22RHB37500,126,2,1.40788e+18,3,23,FH
15/04/2022,10:31:43:101,R,IXN22FHB20500,126,2,1.40788e+18,6,23,FH
15/04/2022,10:31:43:101,R,IXN22UGB25500,126,2,1.40788e+18,46,23,FH
15/04/2022,10:31:43:132,R,IXN22RHB39500,126,2,1.40788e+18,357,23,FH
15/04/2022,10:31:43:147,R,IXN22UGB39000,126,2,1.40788e+18,2,23,FH
15/04/2022,10:31:43:179,R,IXN22IGB30000,126,2,1.40788e+18,65,23,FH
15/04/2022,10:31:43:179,R,IXN22UGB37000,126,2,1.40788e+18,21,23,FH
15/04/2022,10:31:43:226,R,IXN22UGB43500,126,2,1.40788e+18,1,23,FH
15/04/2022,10:31:43:226,R,IXN22UGB40500,126,2,1.40788e+18,7,23,FH
15/04/2022,10:31:43:317,R,IXN23AKB51000,126,2,1.40788e+18,2,23,FH
15/04/2022,10:31:43:726,R,IXN22EKB46500,126,2,1.40788e+18,3,23,FH
15/04/2022,10:31:43:771,R,IXN22QKB35000,126,2,1.40788e+18,146,23,FH
15/04/2022,10:31:43:771,R,IXN22EKB39500,126,2,1.40788e+18,42,23,FH
15/04/2022,10:31:44:207,R,IXN24MJB49000,126,2,1.40788e+18,10,23,FH
15/04/2022,10:31:44:222,R,IXN24AJB43000,126,2,1.40788e+18,11,23,FH
15/04/2022,10:31:44:500,R,IXN24MJB27500,126,2,1.40788e+18,4,23,FH
15/04/2022,10:31:44:548,R,IXN24AJB31500,126,2,1.40788e+18,2,23,FH
15/04/2022,10:31:44:548,R,IXN24AJB23500,126,2,1.40788e+18,12,23,FH
15/04/2022,10:31:44:596,R,IXN24AJB51500,126,2,1.40788e+18,4,23,FH
15/04/2022,10:31:44:596,R,IXN24AJB34500,126,2,1.40788e+18,7,23,FH
15/04/2022,10:31:44:643,R,IXN24AJB57500,126,2,1.40788e+18,6,23,FH
15/04/2022,10:31:44:643,R,IXN22EKB32500,126,2,1.40788e+18,94,23,FH
15/04/2022,10:31:44:752,R,IXN22EKB22500,126,2,1.40788e+18,1,23,FH
15/04/2022,10:31:45:174,R,IXN22QKB41500,126,2,1.40788e+18,95,23,FH
15/04/2022,10:31:45:174,R,IXN22QKB40500,126,2,1.40788e+18,3,23,FH
15/04/2022,10:31:46:143,R,IXN24MJB24000,126,2,1.40788e+18,2,23,FH
15/04/2022,10:31:46:189,R,IXN24AJB56500,126,2,1.40788e+18,2,23,FH
15/04/2022,10:31:46:282,R,IXN22QKB32000,126,2,1.40788e+18,1696,23,FH
15/04/2022,10:31:46:797,R,IXN22QKB20000,126,2,1.40788e+18,16,23,FH
15/04/2022,10:31:46:954,R,IXN22HJB33500,126,2,1.40788e+18,2,23,FH
15/04/2022,10:31:46:954,R,IXN22HJB42500,126,2,1.40788e+18,6,23,FH
15/04/2022,10:31:46:999,R,IXN22HJB35500,126,2,1.40788e+18,7,23,FH
15/04/2022,10:31:47:991,R,IXN22HJB32500,126,2,1.40788e+18,1,23,FH
15/04/2022,10:31:47:991,R,IXN22TJB34000,126,2,1.40788e+18,12,23,FH
15/04/2022,10:31:48:027,R,IXN22HJB41000,126,2,1.40788e+18,8,23,FH
15/04/2022,10:31:48:605,R,IXN22TJB22000,126,2,1.40788e+18,5,23,FH
15/04/2022,10:31:48:605,R,IXN22TJB24500,126,2,1.40788e+18,20,23,FH
15/04/2022,10:31:48:651,R,IXN22HJB31500,126,2,1.40788e+18,11,23,FH
15/04/2022,10:31:49:650,R,IXN22TJB36000,126,2,1.40788e+18,19,23,FH
15/04/2022,10:31:50:010,R,IXN22TJB21000,126,2,1.40788e+18,10,23,FH
15/04/2022,10:31:50:509,R,IXN22TJB28000,126,2,1.40788e+18,19,23,FH
15/04/2022,10:31:51:413,R,IXN22WIB32000,126,2,1.40788e+18,1,23,FH
15/04/2022,10:31:52:071,R,IXN22WIB30500,126,2,1.40788e+18,8,23,FH
15/04/2022,10:31:52:101,R,IXN22WIB34000,126,2,1.40788e+18,3,23,FH
15/04/2022,10:31:53:399,R,IXN22WIB31000,126,2,1.40788e+18,3,23,FH
15/04/2022,10:31:53:399,R,IXN22WIB36000,126,2,1.40788e+18,3,23,FH
15/04/2022,10:31:53:740,R,IXN22WIB35000,126,2,1.40788e+18,2,23,FH
15/04/2022,10:31:53:929,R,IXN22WIB40000,126,2,1.40788e+18,3,23,FH
15/04/2022,10:31:54:270,R,IXN22WIB22000,126,2,1.40788e+18,8,23,FH
15/04/2022,10:32:02:399,R,IXN23MKB29000,126,2,1.40788e+18,27,23,FH
15/04/2022,10:32:02:399,R,IXN23MKB32000,126,2,1.40788e+18,308,23,FH
15/04/2022,10:32:02:399,R,IXN23MKB25000,126,2,1.40788e+18,83,23,FH
15/04/2022,10:32:02:477,R,IXN23MKB39500,126,2,1.40788e+18,11,23,FH
15/04/2022,10:32:02:493,R,IXN23AKB37000,126,2,1.40788e+18,658,23,FH
15/04/2022,10:32:02:506,R,IXN22FHB43000,126,2,1.40788e+18,30,23,FH
15/04/2022,10:32:02:506,R,IXN22RHB21500,126,2,1.40788e+18,6,23,FH
15/04/2022,10:32:02:521,R,IXN22IGB26500,126,2,1.40788e+18,2,23,FH
15/04/2022,10:32:02:521,R,IXN22IGB23500,126,2,1.40788e+18,1,23,FH
15/04/2022,10:32:02:521,R,IXN22UGB24500,126,2,1.40788e+18,1,23,FH
15/04/2022,10:32:02:521,R,IXN22RHB50000,126,2,1.40788e+18,6,23,FH
15/04/2022,10:32:02:569,R,IXN22IGB54000,126,2,1.40788e+18,1,23,FH
15/04/2022,10:32:02:569,R,IXN23MKB43500,126,2,1.40788e+18,1,23,FH
15/04/2022,10:32:02:569,R,IXN23MKB42500,126,2,1.40788e+18,1,23,FH
15/04/2022,10:32:02:584,R,IXN22RHB26000,126,2,1.40788e+18,67,23,FH
15/04/2022,10:32:02:600,R,IXN22FHB30000,126,2,1.40788e+18,15,23,FH
15/04/2022,10:32:02:600,R,IXN22FHB32000,126,2,1.40788e+18,16,23,FH
15/04/2022,10:32:02:602,R,IXN22RHB38000,126,2,1.40788e+18,58,23,FH
15/04/2022,10:32:02:602,R,IXN22UGB36000,126,2,1.40788e+18,224,23,FH
15/04/2022,10:32:02:602,R,IXN22FHB47500,126,2,1.40788e+18,2,23,FH
15/04/2022,10:32:02:602,R,IXN22UGB32000,126,2,1.40788e+18,75,23,FH
15/04/2022,10:32:02:618,R,IXN22IGB51000,126,2,1.40788e+18,2,23,FH
15/04/2022,10:32:02:662,R,IXN24AJB35000,126,2,1.40788e+18,56,23,FH
15/04/2022,10:32:02:761,R,IXN22EKB42000,126,2,1.40788e+18,24,23,FH
15/04/2022,10:32:02:774,R,IXN22EKB43000,126,2,1.40788e+18,17,23,FH
15/04/2022,10:32:02:774,R,IXN22QKB39500,126,2,1.40788e+18,20,23,FH
15/04/2022,10:32:02:789,R,IXN24MJB36000,126,2,1.40788e+18,8,23,FH
15/04/2022,10:32:02:802,R,IXN24AJB48500,126,2,1.40788e+18,14,23,FH
15/04/2022,10:32:02:803,R,IXN24MJB41500,126,2,1.40788e+18,16,23,FH
15/04/2022,10:32:02:851,R,IXN24MJB26000,126,2,1.40788e+18,1,23,FH
15/04/2022,10:32:02:851,R,IXN24MJB31000,126,2,1.40788e+18,3,23,FH
15/04/2022,10:32:02:851,R,IXN24MJB34000,126,2,1.40788e+18,8,23,FH
15/04/2022,10:32:02:865,R,IXN24AJB55000,126,2,1.40788e+18,6,23,FH
15/04/2022,10:32:02:882,R,IXN22QKB28000,126,2,1.40788e+18,703,23,FH
15/04/2022,10:32:02:882,R,IXN22EKB31000,126,2,1.40788e+18,26,23,FH
15/04/2022,10:32:02:882,R,IXN22QKB32500,126,2,1.40788e+18,440,23,FH
15/04/2022,10:32:02:897,R,IXN23AKB24500,126,2,1.40788e+18,4,23,FH
15/04/2022,10:32:02:897,R,IXN23AKB28500,126,2,1.40788e+18,2,23,FH
15/04/2022,10:32:02:897,R,IXN23AKB36000,126,2,1.40788e+18,21,23,FH
15/04/2022,10:32:02:897,R,IXN23MKB30000,126,2,1.40788e+18,127,23,FH
15/04/2022,10:32:02:914,R,IXN23AKB34500,126,2,1.40788e+18,71,23,FH
15/04/2022,10:32:02:929,R,IXN23MKB35500,126,2,1.40788e+18,7,23,FH
15/04/2022,10:32:02:929,R,IXN22QKB38500,126,2,1.40788e+18,89,23,FH
15/04/2022,10:32:03:005,R,IXN23MKB45000,126,2,1.40788e+18,5,23,FH
15/04/2022,10:32:03:005,R,IXN23MKB21000,126,2,1.40788e+18,1,23,FH
15/04/2022,10:32:03:005,R,IXN23MKB41000,126,2,1.40788e+18,13,23,FH
15/04/2022,10:32:03:005,R,IXN24AJB30000,126,2,1.40788e+18,80,23,FH
15/04/2022,10:32:03:005,R,IXN24AJB29000,126,2,1.40788e+18,3,23,FH
15/04/2022,10:32:03:005,R,IXN23AKB23000,126,2,1.40788e+18,3,23,FH
15/04/2022,10:32:03:005,R,IXN23AKB38500,126,2,1.40788e+18,28,23,FH
15/04/2022,10:32:03:005,R,IXN24MJB51000,126,2,1.40788e+18,132,23,FH
15/04/2022,10:32:03:006,R,IXN24AJB58000,126,2,1.40788e+18,2,23,FH
15/04/2022,10:32:03:022,R,IXN22QKB27000,126,2,1.40788e+18,41,23,FH
15/04/2022,10:32:03:035,R,IXN22QKB22500,126,2,1.40788e+18,4,23,FH
15/04/2022,10:32:03:037,R,IXN23AKB46500,126,2,1.40788e+18,17,23,FH
15/04/2022,10:32:03:037,R,IXN22RHB41000,126,2,1.40788e+18,10,23,FH
15/04/2022,10:32:03:052,R,IXN22RHB34000,126,2,1.40788e+18,26,23,FH
15/04/2022,10:32:03:052,R,IXN22FHB37500,126,2,1.40788e+18,69,23,FH
15/04/2022,10:32:03:052,R,IXN22FHB32500,126,2,1.40788e+18,151,23,FH
15/04/2022,10:32:03:052,R,IXN22IGB29500,126,2,1.40788e+18,3,23,FH
15/04/2022,10:32:03:052,R,IXN22UGB34500,126,2,1.40788e+18,227,23,FH
15/04/2022,10:32:03:052,R,IXN22RHB35500,126,2,1.40788e+18,55,23,FH
15/04/2022,10:32:03:052,R,IXN22FHB28500,126,2,1.40788e+18,10,23,FH
15/04/2022,10:32:03:052,R,IXN22RHB26500,126,2,1.40788e+18,140,23,FH
15/04/2022,10:32:03:052,R,IXN22IGB39500,126,2,1.40788e+18,3,23,FH
15/04/2022,10:32:03:052,R,IXN22UGB27500,126,2,1.40788e+18,890,23,FH
15/04/2022,10:32:03:069,R,IXN22FHB42500,126,2,1.40788e+18,5,23,FH
15/04/2022,10:32:03:069,R,IXN22IGB38500,126,2,1.40788e+18,2,23,FH
15/04/2022,10:32:03:069,R,IXN22RHB42500,126,2,1.40788e+18,39,23,FH
15/04/2022,10:32:03:069,R,IXN22IGB35500,126,2,1.40788e+18,282,23,FH
15/04/2022,10:32:03:069,R,IXN22RHB38500,126,2,1.40788e+18,58,23,FH
15/04/2022,10:32:03:069,R,IXN22IGB41500,126,2,1.40788e+18,21,23,FH
15/04/2022,10:32:03:069,R,IXN22IGB43500,126,2,1.40788e+18,2,23,FH
15/04/2022,10:32:03:069,R,IXN22UGB16500,126,2,1.40788e+18,81,23,FH
15/04/2022,10:32:03:192,R,IXN24AJB39500,126,2,1.40788e+18,1,23,FH
15/04/2022,10:32:03:224,R,IXN24AJB65000,126,2,1.40788e+18,23,23,FH
15/04/2022,10:32:03:271,R,IXN24AJB49500,126,2,1.40788e+18,9,23,FH
15/04/2022,10:32:03:271,R,IXN24MJB39500,126,2,1.40788e+18,2,23,FH
15/04/2022,10:32:03:301,R,IXN24AJB66500,126,2,1.40788e+18,9,23,FH
15/04/2022,10:32:03:301,R,IXN22EKB41500,126,2,1.40788e+18,136,23,FH
15/04/2022,10:32:03:382,R,IXN22QKB37000,126,2,1.40788e+18,31,23,FH
15/04/2022,10:32:03:395,R,IXN22EKB34500,126,2,1.40788e+18,255,23,FH
15/04/2022,10:32:03:395,R,IXN22EKB45000,126,2,1.40788e+18,364,23,FH
15/04/2022,10:32:03:395,R,IXN22FHB64500,126,2,1.40788e+18,1,23,FH
15/04/2022,10:32:03:429,R,IXN24MJB32500,126,2,1.40788e+18,1,23,FH
15/04/2022,10:32:03:458,R,IXN22QKB31000,126,2,1.40788e+18,3486,23,FH
15/04/2022,10:32:03:458,R,IXN22QKB26500,126,2,1.40788e+18,42,23,FH
15/04/2022,10:32:03:489,R,IXN24MJB23000,126,2,1.40788e+18,5,23,FH
15/04/2022,10:32:03:491,R,IXN24AJB24500,126,2,1.40788e+18,1,23,FH
15/04/2022,10:32:03:491,R,IXN24MJB34500,126,2,1.40788e+18,5,23,FH
15/04/2022,10:32:03:506,R,IXN22QKB24000,126,2,1.40788e+18,15,23,FH
15/04/2022,10:32:03:583,R,IXN22HJB34500,126,2,1.40788e+18,15,23,FH
15/04/2022,10:32:03:583,R,IXN22HJB41500,126,2,1.40788e+18,6,23,FH
15/04/2022,10:32:03:662,R,IXN22TJB23000,126,2,1.40788e+18,20,23,FH
15/04/2022,10:32:03:771,R,IXN22HJB33000,126,2,1.40788e+18,3,23,FH
15/04/2022,10:32:03:771,R,IXN22HJB36000,126,2,1.40788e+18,6,23,FH
15/04/2022,10:32:03:771,R,IXN22HJB39000,126,2,1.40788e+18,38,23,FH
15/04/2022,10:32:04:177,R,IXN22TJB33000,126,2,1.40788e+18,93,23,FH
15/04/2022,10:32:04:179,R,IXN22TJB42500,126,2,1.40788e+18,3,23,FH
15/04/2022,10:32:04:255,R,IXN22TJB25500,126,2,1.40788e+18,36,23,FH
15/04/2022,10:32:04:257,R,IXN22HJB29000,126,2,1.40788e+18,1,23,FH
15/04/2022,10:32:04:271,R,IXN22TJB31500,126,2,1.40788e+18,10,23,FH
15/04/2022,10:32:04:271,R,IXN22TJB26000,126,2,1.40788e+18,18,23,FH
15/04/2022,10:32:04:379,R,IXN22KIB34000,126,2,1.40788e+18,23,23,FH
15/04/2022,10:32:04:567,R,IXN22KIB30500,126,2,1.40788e+18,1,23,FH
15/04/2022,10:32:04:582,R,IXN22WIB35500,126,2,1.40788e+18,3,23,FH
15/04/2022,10:32:04:756,R,IXN22KIB39500,126,2,1.40788e+18,8,23,FH
15/04/2022,10:32:05:047,R,IXN22WIB27500,126,2,1.40788e+18,1,23,FH
15/04/2022,10:32:05:047,R,IXN22KIB31500,126,2,1.40788e+18,1,23,FH
15/04/2022,10:32:05:222,R,IXN22KIB49000,126,2,1.40788e+18,50,23,FH
15/04/2022,10:32:08:261,R,IXN23MKB27000,126,2,1.40788e+18,12,23,FH
15/04/2022,10:32:08:277,R,IXN23AKB23500,126,2,1.40788e+18,7,23,FH
15/04/2022,10:32:08:356,R,IXN23AKB32500,126,2,1.40788e+18,40,23,FH
15/04/2022,10:32:08:356,R,IXN23MKB30500,126,2,1.40788e+18,206,23,FH
15/04/2022,10:32:08:356,R,IXN22FHB45500,126,2,1.40788e+18,7,23,FH
15/04/2022,10:32:08:356,R,IXN23MKB29500,126,2,1.40788e+18,87,23,FH
15/04/2022,10:32:08:356,R,IXN23AKB28000,126,2,1.40788e+18,31,23,FH
15/04/2022,10:32:08:372,R,IXN22IGB34500,126,2,1.40788e+18,13,23,FH
15/04/2022,10:32:08:372,R,IXN22IGB40000,126,2,1.40788e+18,107,23,FH
15/04/2022,10:32:08:372,R,IXN22IGB35000,126,2,1.40788e+18,25,23,FH
15/04/2022,10:32:08:387,R,IXN22FHB52500,126,2,1.40788e+18,2,23,FH
15/04/2022,10:32:08:449,R,IXN23AKB17500,126,2,1.40788e+18,1,23,FH
15/04/2022,10:32:08:449,R,IXN23AKB45000,126,2,1.40788e+18,17,23,FH
15/04/2022,10:32:08:466,R,IXN23MKB47000,126,2,1.40788e+18,8,23,FH
15/04/2022,10:32:08:480,R,IXN23AKB49000,126,2,1.40788e+18,2,23,FH
15/04/2022,10:32:08:495,R,IXN22FHB35000,126,2,1.40788e+18,331,23,FH
15/04/2022,10:32:08:497,R,IXN22RHB28000,126,2,1.40788e+18,53,23,FH
15/04/2022,10:32:08:497,R,IXN22FHB37000,126,2,1.40788e+18,29,23,FH
15/04/2022,10:32:08:509,R,IXN22IGB38000,126,2,1.40788e+18,12,23,FH
15/04/2022,10:32:08:509,R,IXN22FHB40500,126,2,1.40788e+18,13,23,FH
15/04/2022,10:32:08:511,R,IXN22IGB39000,126,2,1.40788e+18,23,23,FH
15/04/2022,10:32:08:511,R,IXN22FHB39500,126,2,1.40788e+18,61,23,FH
15/04/2022,10:32:08:511,R,IXN22IGB37000,126,2,1.40788e+18,33,23,FH
15/04/2022,10:32:08:511,R,IXN22IGB44000,126,2,1.40788e+18,472,23,FH
15/04/2022,10:32:08:525,R,IXN22IGB45000,126,2,1.40788e+18,321,23,FH
15/04/2022,10:32:08:525,R,IXN22IGB24000,126,2,1.40788e+18,1,23,FH
15/04/2022,10:32:08:542,R,IXN24AJB43500,126,2,1.40788e+18,33,23,FH
15/04/2022,10:32:08:637,R,IXN22EKB41000,126,2,1.40788e+18,290,23,FH
15/04/2022,10:32:08:637,R,IXN22QKB38000,126,2,1.40788e+18,29,23,FH
15/04/2022,10:32:08:683,R,IXN24MJB48000,126,2,1.40788e+18,5,23,FH
15/04/2022,10:32:08:699,R,IXN24AJB38000,126,2,1.40788e+18,12,23,FH
15/04/2022,10:32:08:699,R,IXN24AJB44500,126,2,1.40788e+18,1,23,FH
15/04/2022,10:32:08:774,R,IXN24MJB27000,126,2,1.40788e+18,1,23,FH
15/04/2022,10:32:08:774,R,IXN24MJB23500,126,2,1.40788e+18,17,23,FH
15/04/2022,10:32:08:776,R,IXN24AJB51000,126,2,1.40788e+18,6,23,FH
15/04/2022,10:32:08:776,R,IXN24MJB29000,126,2,1.40788e+18,1,23,FH
15/04/2022,10:32:08:792,R,IXN24AJB60000,126,2,1.40788e+18,4,23,FH
15/04/2022,10:32:08:809,R,IXN22QKB22000,126,2,1.40788e+18,3,23,FH
15/04/2022,10:32:08:809,R,IXN22QKB41000,126,2,1.40788e+18,1,23,FH
15/04/2022,10:32:08:821,R,IXN22QKB44000,126,2,1.40788e+18,5,23,FH
15/04/2022,10:32:08:823,R,IXN22EKB46000,126,2,1.40788e+18,7,23,FH
15/04/2022,10:32:08:840,R,IXN23MKB26000,126,2,1.40788e+18,91,23,FH
15/04/2022,10:32:08:855,R,IXN23AKB26000,126,2,1.40788e+18,2,23,FH
15/04/2022,10:32:08:855,R,IXN23AKB29000,126,2,1.40788e+18,3,23,FH
15/04/2022,10:32:08:950,R,IXN23MKB44500,126,2,1.40788e+18,1,23,FH
15/04/2022,10:32:08:950,R,IXN23MKB20000,126,2,1.40788e+18,457,23,FH
15/04/2022,10:32:08:964,R,IXN24AJB31000,126,2,1.40788e+18,46,23,FH
15/04/2022,10:32:08:964,R,IXN24AJB25000,126,2,1.40788e+18,61,23,FH
15/04/2022,10:32:08:964,R,IXN23AKB41000,126,2,1.40788e+18,24,23,FH
15/04/2022,10:32:08:964,R,IXN23AKB38000,126,2,1.40788e+18,272,23,FH
15/04/2022,10:32:08:964,R,IXN24MJB54500,126,2,1.40788e+18,5,23,FH
15/04/2022,10:32:08:980,R,IXN22QKB51000,126,2,1.40788e+18,1,23,FH
15/04/2022,10:32:08:980,R,IXN23AKB42000,126,2,1.40788e+18,111,23,FH
15/04/2022,10:32:08:980,R,IXN22EKB30500,126,2,1.40788e+18,39,23,FH
15/04/2022,10:32:08:980,R,IXN23AKB39500,126,2,1.40788e+18,2,23,FH
15/04/2022,10:32:09:008,R,IXN22FHB27000,126,2,1.40788e+18,1,23,FH
15/04/2022,10:32:09:008,R,IXN22FHB31500,126,2,1.40788e+18,20,23,FH
15/04/2022,10:32:09:010,R,IXN22RHB39000,126,2,1.40788e+18,7,23,FH
15/04/2022,10:32:09:010,R,IXN22UGB32500,126,2,1.40788e+18,104,23,FH
15/04/2022,10:32:09:027,R,IXN22RHB19000,126,2,1.40788e+18,2,23,FH
15/04/2022,10:32:09:027,R,IXN22UGB22000,126,2,1.40788e+18,25,23,FH
15/04/2022,10:32:09:027,R,IXN22UGB23500,126,2,1.40788e+18,31,23,FH
15/04/2022,10:32:09:027,R,IXN22FHB44000,126,2,1.40788e+18,6,23,FH
15/04/2022,10:32:09:041,R,IXN22RHB32000,126,2,1.40788e+18,357,23,FH
15/04/2022,10:32:09:041,R,IXN22FHB33500,126,2,1.40788e+18,188,23,FH
15/04/2022,10:32:09:041,R,IXN22RHB30500,126,2,1.40788e+18,225,23,FH
15/04/2022,10:32:09:041,R,IXN22IGB28000,126,2,1.40788e+18,4,23,FH
15/04/2022,10:32:09:043,R,IXN22IGB29000,126,2,1.40788e+18,10,23,FH
15/04/2022,10:32:09:057,R,IXN22IGB26000,126,2,1.40788e+18,1,23,FH
15/04/2022,10:32:09:057,R,IXN22IGB32000,126,2,1.40788e+18,1,23,FH
15/04/2022,10:32:09:057,R,IXN22IGB47000,126,2,1.40788e+18,1,23,FH
15/04/2022,10:32:09:103,R,IXN22FHB53500,126,2,1.40788e+18,2,23,FH
15/04/2022,10:32:09:120,R,IXN23AKB56500,126,2,1.40788e+18,5,23,FH
15/04/2022,10:32:09:120,R,IXN23AKB57000,126,2,1.40788e+18,1,23,FH
15/04/2022,10:32:09:197,R,IXN22EKB60500,126,2,1.40788e+18,1,23,FH
15/04/2022,10:32:09:216,R,IXN24MJB49500,126,2,1.40788e+18,120,23,FH
15/04/2022,10:32:09:243,R,IXN24MJB35500,126,2,1.40788e+18,11,23,FH
15/04/2022,10:32:09:243,R,IXN24MJB44500,126,2,1.40788e+18,1,23,FH
15/04/2022,10:32:09:243,R,IXN24AJB47000,126,2,1.40788e+18,1,23,FH
15/04/2022,10:32:09:308,R,IXN22QKB39000,126,2,1.40788e+18,119,23,FH
15/04/2022,10:32:09:370,R,IXN22EKB35500,126,2,1.40788e+18,240,23,FH
15/04/2022,10:32:09:370,R,IXN22QKB34000,126,2,1.40788e+18,705,23,FH
15/04/2022,10:32:09:386,R,IXN22EKB42500,126,2,1.40788e+18,7,23,FH
15/04/2022,10:32:09:431,R,IXN24AJB21500,126,2,1.40788e+18,4,23,FH
15/04/2022,10:32:09:431,R,IXN24AJB65500,126,2,1.40788e+18,1,23,FH
15/04/2022,10:32:09:431,R,IXN24MJB33500,126,2,1.40788e+18,3,23,FH
15/04/2022,10:32:09:431,R,IXN24MJB28000,126,2,1.40788e+18,2,23,FH
15/04/2022,10:32:09:445,R,IXN22EKB29500,126,2,1.40788e+18,95,23,FH
15/04/2022,10:32:09:447,R,IXN22EKB33500,126,2,1.40788e+18,530,23,FH
15/04/2022,10:32:09:462,R,IXN22QKB29500,126,2,1.40788e+18,79,23,FH
15/04/2022,10:32:09:462,R,IXN22QKB28500,126,2,1.40788e+18,43,23,FH
15/04/2022,10:32:09:462,R,IXN22EKB48500,126,2,1.40788e+18,8,23,FH
15/04/2022,10:32:09:509,R,IXN22HJB36500,126,2,1.40788e+18,34,23,FH
15/04/2022,10:32:09:511,R,IXN22HJB45500,126,2,1.40788e+18,118,23,FH
15/04/2022,10:32:09:511,R,IXN22EKB20000,126,2,1.40788e+18,4,23,FH
15/04/2022,10:32:09:571,R,IXN22TJB28500,126,2,1.40788e+18,4,23,FH
15/04/2022,10:32:09:790,R,IXN22TJB43000,126,2,1.40788e+18,2,23,FH
15/04/2022,10:32:09:900,R,IXN22TJB20000,126,2,1.40788e+18,1,23,FH
15/04/2022,10:32:09:900,R,IXN22HJB26500,126,2,1.40788e+18,2,23,FH
15/04/2022,10:32:09:914,R,IXN22HJB27500,126,2,1.40788e+18,4,23,FH
15/04/2022,10:32:10:041,R,IXN22HJB46000,126,2,1.40788e+18,543,23,FH
15/04/2022,10:32:10:101,R,IXN22HJB28000,126,2,1.40788e+18,13,23,FH
15/04/2022,10:32:10:103,R,IXN22TJB31000,126,2,1.40788e+18,33,23,FH
15/04/2022,10:32:10:225,R,IXN22TJB44000,126,2,1.40788e+18,1,23,FH
15/04/2022,10:32:10:225,R,IXN22HJB32000,126,2,1.40788e+18,1,23,FH
15/04/2022,10:32:10:225,R,IXN22TJB33500,126,2,1.40788e+18,8,23,FH
15/04/2022,10:32:10:290,R,IXN22WIB31500,126,2,1.40788e+18,3,23,FH
15/04/2022,10:32:10:570,R,IXN22WIB38000,126,2,1.40788e+18,48,23,FH
15/04/2022,10:32:10:570,R,IXN22WIB33500,126,2,1.40788e+18,6,23,FH
15/04/2022,10:32:10:741,R,IXN22WIB30000,126,2,1.40788e+18,6,23,FH
15/04/2022,10:32:10:743,R,IXN22KIB35500,126,2,1.40788e+18,1,23,FH
15/04/2022,10:32:10:883,R,IXN22KIB40500,126,2,1.40788e+18,1,23,FH
15/04/2022,10:32:10:899,R,IXN22KIB35000,126,2,1.40788e+18,3,23,FH
15/04/2022,10:32:11:038,R,IXN22WIB38500,126,2,1.40788e+18,1,23,FH
15/04/2022,10:32:13:349,R,IXN23AKB31000,126,2,1.40788e+18,5,23,FH
15/04/2022,10:32:13:349,R,IXN23AKB30000,126,2,1.40788e+18,14,23,FH
15/04/2022,10:32:13:349,R,IXN23MKB34500,126,2,1.40788e+18,32,23,FH
15/04/2022,10:32:13:349,R,IXN23AKB29500,126,2,1.40788e+18,2,23,FH
15/04/2022,10:32:13:426,R,IXN23AKB43500,126,2,1.40788e+18,13,23,FH
15/04/2022,10:32:13:426,R,IXN23MKB18000,126,2,1.40788e+18,1,23,FH
15/04/2022,10:32:13:426,R,IXN23AKB22000,126,2,1.40788e+18,1,23,FH
15/04/2022,10:32:13:457,R,IXN22FHB26000,126,2,1.40788e+18,2,23,FH
15/04/2022,10:32:13:457,R,IXN22FHB41000,126,2,1.40788e+18,417,23,FH
15/04/2022,10:32:13:457,R,IXN22FHB39000,126,2,1.40788e+18,1196,23,FH
15/04/2022,10:32:13:457,R,IXN22UGB25000,126,2,1.40788e+18,74,23,FH
15/04/2022,10:32:13:473,R,IXN22UGB38500,126,2,1.40788e+18,14,23,FH
15/04/2022,10:32:13:473,R,IXN22UGB30000,126,2,1.40788e+18,1131,23,FH
15/04/2022,10:32:13:487,R,IXN22IGB43000,126,2,1.40788e+18,15,23,FH
15/04/2022,10:32:13:487,R,IXN22UGB21500,126,2,1.40788e+18,16,23,FH
15/04/2022,10:32:13:489,R,IXN22FHB53000,126,2,1.40788e+18,1,23,FH
15/04/2022,10:32:13:522,R,IXN22FHB55000,126,2,1.40788e+18,1,23,FH
15/04/2022,10:32:13:613,R,IXN24AJB42500,126,2,1.40788e+18,49,23,FH
15/04/2022,10:32:13:644,R,IXN23AKB31500,126,2,1.40788e+18,8,23,FH
15/04/2022,10:32:13:644,R,IXN23MKB36000,126,2,1.40788e+18,22,23,FH
15/04/2022,10:32:13:691,R,IXN23AKB44000,126,2,1.40788e+18,30,23,FH
15/04/2022,10:32:13:691,R,IXN23AKB21000,126,2,1.40788e+18,7,23,FH
15/04/2022,10:32:13:706,R,IXN23AKB40500,126,2,1.40788e+18,73,23,FH
15/04/2022,10:32:13:706,R,IXN22EKB37000,126,2,1.40788e+18,282,23,FH
15/04/2022,10:32:13:708,R,IXN23AKB46000,126,2,1.40788e+18,9,23,FH
15/04/2022,10:32:13:708,R,IXN22QKB40000,126,2,1.40788e+18,304,23,FH
15/04/2022,10:32:13:721,R,IXN22FHB29000,126,2,1.40788e+18,4,23,FH
15/04/2022,10:32:13:721,R,IXN22RHB23000,126,2,1.40788e+18,4,23,FH
15/04/2022,10:32:13:723,R,IXN22FHB38500,126,2,1.40788e+18,74,23,FH
15/04/2022,10:32:13:723,R,IXN22IGB33000,126,2,1.40788e+18,3,23,FH
15/04/2022,10:32:13:736,R,IXN22UGB27000,126,2,1.40788e+18,253,23,FH
15/04/2022,10:32:13:736,R,IXN22IGB23000,126,2,1.40788e+18,43,23,FH
15/04/2022,10:32:13:786,R,IXN23AKB33500,126,2,1.40788e+18,72,23,FH
15/04/2022,10:32:13:800,R,IXN24AJB27500,126,2,1.40788e+18,1,23,FH
15/04/2022,10:32:13:802,R,IXN24MJB22000,126,2,1.40788e+18,22,23,FH
15/04/2022,10:32:13:802,R,IXN24MJB33000,126,2,1.40788e+18,15,23,FH
15/04/2022,10:32:13:816,R,IXN22EKB50000,126,2,1.40788e+18,2,23,FH
15/04/2022,10:32:13:831,R,IXN22IGB58000,126,2,1.40788e+18,1,23,FH
15/04/2022,10:32:13:879,R,IXN22FHB63500,126,2,1.40788e+18,1,23,FH
15/04/2022,10:32:13:894,R,IXN23MKB22000,126,2,1.40788e+18,11,23,FH
15/04/2022,10:32:13:910,R,IXN23AKB49500,126,2,1.40788e+18,2,23,FH
15/04/2022,10:32:13:910,R,IXN24AJB46500,126,2,1.40788e+18,1,23,FH
15/04/2022,10:32:13:910,R,IXN24MJB40000,126,2,1.40788e+18,1,23,FH
15/04/2022,10:32:13:924,R,IXN23MKB33000,126,2,1.40788e+18,20,23,FH
15/04/2022,10:32:13:924,R,IXN23AKB37500,126,2,1.40788e+18,13,23,FH
15/04/2022,10:32:13:924,R,IXN22FHB42000,126,2,1.40788e+18,31,23,FH
15/04/2022,10:32:13:924,R,IXN22RHB33000,126,2,1.40788e+18,709,23,FH
15/04/2022,10:32:13:926,R,IXN22FHB34500,126,2,1.40788e+18,56,23,FH
15/04/2022,10:32:13:941,R,IXN22RHB29500,126,2,1.40788e+18,81,23,FH
15/04/2022,10:32:13:941,R,IXN22UGB28500,126,2,1.40788e+18,326,23,FH
15/04/2022,10:32:13:941,R,IXN22FHB25500,126,2,1.40788e+18,30,23,FH
15/04/2022,10:32:13:941,R,IXN22UGB33500,126,2,1.40788e+18,125,23,FH
15/04/2022,10:32:13:955,R,IXN22IGB42500,126,2,1.40788e+18,12,23,FH
15/04/2022,10:32:13:955,R,IXN22UGB45000,126,2,1.40788e+18,5,23,FH
15/04/2022,10:32:13:955,R,IXN22IGB40500,126,2,1.40788e+18,35,23,FH
15/04/2022,10:32:13:955,R,IXN22FHB49500,126,2,1.40788e+18,22,23,FH
15/04/2022,10:32:14:019,R,IXN22EKB47000,126,2,1.40788e+18,5,23,FH
15/04/2022,10:32:14:019,R,IXN22QKB45500,126,2,1.40788e+18,4,23,FH
15/04/2022,10:32:14:019,R,IXN23AKB20500,126,2,1.40788e+18,2,23,FH
15/04/2022,10:32:14:019,R,IXN23AKB43000,126,2,1.40788e+18,3577,23,FH
15/04/2022,10:32:14:052,R,IXN22FHB45000,126,2,1.40788e+18,16,23,FH
15/04/2022,10:32:14:052,R,IXN22RHB31000,126,2,1.40788e+18,79,23,FH
15/04/2022,10:32:14:052,R,IXN22RHB36500,126,2,1.40788e+18,97,23,FH
15/04/2022,10:32:14:066,R,IXN22RHB17500,126,2,1.40788e+18,1,23,FH
15/04/2022,10:32:14:066,R,IXN22IGB37500,126,2,1.40788e+18,49,23,FH
15/04/2022,10:32:14:066,R,IXN22RHB41500,126,2,1.40788e+18,6,23,FH
15/04/2022,10:32:14:068,R,IXN22RHB25500,126,2,1.40788e+18,1,23,FH
15/04/2022,10:32:14:068,R,IXN22IGB36000,126,2,1.40788e+18,38,23,FH
15/04/2022,10:32:14:081,R,IXN24MJB47500,126,2,1.40788e+18,5,23,FH
15/04/2022,10:32:14:081,R,IXN24AJB38500,126,2,1.40788e+18,27,23,FH
15/04/2022,10:32:14:081,R,IXN24AJB46000,126,2,1.40788e+18,2,23,FH
15/04/2022,10:32:14:083,R,IXN24MJB42500,126,2,1.40788e+18,20,23,FH
15/04/2022,10:32:14:098,R,IXN24AJB64000,126,2,1.40788e+18,2,23,FH
15/04/2022,10:32:14:129,R,IXN24AJB23000,126,2,1.40788e+18,3,23,FH
15/04/2022,10:32:14:130,R,IXN24AJB32500,126,2,1.40788e+18,2,23,FH
15/04/2022,10:32:14:147,R,IXN22EKB32000,126,2,1.40788e+18,151,23,FH
15/04/2022,10:32:14:147,R,IXN22QKB25500,126,2,1.40788e+18,18,23,FH
15/04/2022,10:32:14:208,R,IXN22QKB36000,126,2,1.40788e+18,79,23,FH
15/04/2022,10:32:14:208,R,IXN22EKB36500,126,2,1.40788e+18,81,23,FH
15/04/2022,10:32:14:208,R,IXN22EKB37500,126,2,1.40788e+18,72,23,FH
15/04/2022,10:32:14:255,R,IXN24AJB37000,126,2,1.40788e+18,4,23,FH
15/04/2022,10:32:14:268,R,IXN24AJB30500,126,2,1.40788e+18,2,23,FH
15/04/2022,10:32:14:268,R,IXN24MJB21000,126,2,1.40788e+18,1,23,FH
15/04/2022,10:32:14:270,R,IXN24AJB50000,126,2,1.40788e+18,11,23,FH
15/04/2022,10:32:14:286,R,IXN22EKB28000,126,2,1.40788e+18,1,23,FH
15/04/2022,10:32:14:334,R,IXN22HJB39500,126,2,1.40788e+18,4,23,FH
15/04/2022,10:32:14:334,R,IXN22HJB38500,126,2,1.40788e+18,11,23,FH
15/04/2022,10:32:14:334,R,IXN22EKB43500,126,2,1.40788e+18,4,23,FH
15/04/2022,10:32:14:395,R,IXN22TJB24000,126,2,1.40788e+18,7,23,FH
15/04/2022,10:32:14:395,R,IXN22TJB30500,126,2,1.40788e+18,194,23,FH
15/04/2022,10:32:14:425,R,IXN24AJB26000,126,2,1.40788e+18,3,23,FH
15/04/2022,10:32:14:425,R,IXN24MJB51500,126,2,1.40788e+18,75,23,FH
15/04/2022,10:32:14:441,R,IXN24MJB55500,126,2,1.40788e+18,7,23,FH
15/04/2022,10:32:14:456,R,IXN22EKB30000,126,2,1.40788e+18,33,23,FH
15/04/2022,10:32:14:456,R,IXN22QKB26000,126,2,1.40788e+18,35,23,FH
15/04/2022,10:32:14:456,R,IXN22QKB33000,126,2,1.40788e+18,140,23,FH
15/04/2022,10:32:14:519,R,IXN24AJB20000,126,2,1.40788e+18,20,23,FH
15/04/2022,10:32:14:785,R,IXN22HJB37000,126,2,1.40788e+18,32,23,FH
15/04/2022,10:32:14:845,R,IXN22TJB30000,126,2,1.40788e+18,202,23,FH
15/04/2022,10:32:14:880,R,IXN22HJB35000,126,2,1.40788e+18,30,23,FH
15/04/2022,10:32:14:880,R,IXN22TJB32000,126,2,1.40788e+18,59,23,FH
15/04/2022,10:32:14:973,R,IXN22TJB27000,126,2,1.40788e+18,98,23,FH
15/04/2022,10:32:15:003,R,IXN22EKB18500,126,2,1.40788e+18,4,23,FH
15/04/2022,10:32:15:003,R,IXN22WIB25500,126,2,1.40788e+18,5,23,FH
15/04/2022,10:32:15:066,R,IXN22TJB40500,126,2,1.40788e+18,1,23,FH
15/04/2022,10:32:15:080,R,IXN22TJB35500,126,2,1.40788e+18,21,23,FH
15/04/2022,10:32:15:080,R,IXN22TJB37500,126,2,1.40788e+18,15,23,FH
15/04/2022,10:32:15:130,R,IXN22TJB27500,126,2,1.40788e+18,138,23,FH
15/04/2022,10:32:15:159,R,IXN22KIB44500,126,2,1.40788e+18,12,23,FH
15/04/2022,10:32:15:205,R,IXN24MJB18000,126,2,1.40788e+18,20,23,FH
15/04/2022,10:32:15:299,R,IXN22UGB15500,126,2,1.40788e+18,2,23,FH
15/04/2022,10:32:15:455,R,IXN22KIB28500,126,2,1.40788e+18,2,23,FH
15/04/2022,10:32:15:612,R,IXN22KIB41500,126,2,1.40788e+18,1,23,FH
15/04/2022,10:32:15:626,R,IXN22WIB29000,126,2,1.40788e+18,3,23,FH
15/04/2022,10:32:15:753,R,IXN22WIB28000,126,2,1.40788e+18,2,23,FH
15/04/2022,10:32:15:753,R,IXN22WIB32500,126,2,1.40788e+18,1,23,FH
