Date,Time,Message Type,Instrument code,Exchange Code,Security Type,Unknown,Last price,Last volume,Bit flag to updated,Trade indicator flag,Source of realtime message,RT of Last Trade in Seconds,Julian Date of last Trade,RT of last update in Seconds,Yesterdays close price,Open price,High price,Low pric,of trades since market opening,Cumulative volume,Calculated Turnover,VWAP price,Origination market of last trade for composite updates
15/04/2022,13:30:09:277,T,IXN22FHB34000,126,2,1.41e+18,6.6,7,23,I,FH,9:30:9.0,15-04-22,9:30:9.0,5,,,,,,46.2,6.6,3
15/04/2022,13:30:09:277,T,IXN22FHB34000,126,2,1.41e+18,6.6,7,23,I,FH,9:30:9.0,15-04-22,9:30:9.0,,,,,,,92.4,6.6,3
15/04/2022,13:33:41:714,T,IXN22QKB28000,126,2,1.41e+18,3.2,13,23,I,FH,9:33:41.0,15-04-22,9:33:41.0,1,,,,,,41.6,3.2,34
15/04/2022,13:51:06:061,T,IXN22FHB33500,126,2,1.41e+18,8,2,23,I,FH,9:51:6.0,15-04-22,9:51:6.0,,,,,,,16,8,3
15/04/2022,13:58:00:999,T,IXN22UGB30000,126,2,1.41e+18,19.5,10,23,I,FH,9:58:0.0,15-04-22,9:58:0.0,4,5,5,5,,,195,19.5,14
15/04/2022,13:58:00:999,T,IXN22UGB30000,126,2,1.41e+18,19.5,10,23,I,FH,9:58:0.0,15-04-22,9:58:0.0,,,,,,,390,19.5,14
15/04/2022,13:58:00:999,T,IXN22UGB30000,126,2,1.41e+18,19.5,10,23,I,FH,9:58:0.0,15-04-22,9:58:0.0,,,,,,,585,19.5,14
15/04/2022,13:58:00:999,T,IXN22UGB30000,126,2,1.41e+18,19.5,2,23,I,FH,9:58:0.0,15-04-22,9:58:0.0,,,,,,,624,19.5,19
15/04/2022,13:58:00:999,T,IXN22UGB30000,126,2,1.41e+18,19.5,8,23,I,FH,9:58:0.0,15-04-22,9:58:0.0,,,,,,,780,19.5,19
15/04/2022,13:58:01:421,T,IXN22UGB30000,126,2,1.41e+18,19.5,7,23,I,FH,9:58:1.0,15-04-22,9:58:1.0,,,,,,,916.5,19.5,14
15/04/2022,14:00:50:175,T,IXN22UGB30000,126,2,1.41e+18,19.5,10,23,I,FH,10:0:50.0,15-04-22,10:0:50.0,,,,,,,1111.5,19.5,14
15/04/2022,14:07:08:153,T,IXN22WIB30000,126,2,1.41e+18,22.4,1,23,I,FH,10:7:8.0,15-04-22,10:7:8.0,,4,4,4,,,22.4,22.4,14
15/04/2022,14:20:19:352,T,IXN22QKB32500,126,2,1.41e+18,20,1,23,I,FH,10:20:19.0,15-04-22,10:20:19.0,,,,,,,20,20,6
15/04/2022,14:20:21:983,T,IXN23MKB29500,126,2,1.41e+18,24.4,1,23,I,FH,10:20:21.0,15-04-22,10:20:21.0,2,4,4,4,,,24.4,24.4,19
15/04/2022,14:25:32:954,T,IXN22QKB30000,126,2,1.41e+18,8.8,1,23,I,FH,10:25:32.0,15-04-22,10:25:32.0,,,,,,,8.8,8.8,19
15/04/2022,14:28:55:223,T,IXN22FHB36500,126,2,1.41e+18,1.6,3,23,I,FH,10:28:55.0,15-04-22,10:28:55.0,5,,,,,,4.8,1.6,19
15/04/2022,14:33:51:646,T,IXN22QKB26000,126,2,1.41e+18,1.65,5,23,I,FH,10:33:51.0,15-04-22,10:33:51.0,3,5,5,5,,,8.25,1.65,3
15/04/2022,14:33:53:686,T,IXN22QKB26000,126,2,1.41e+18,1.65,1,23,I,FH,10:33:53.0,15-04-22,10:33:53.0,,,,,,,9.9,1.65,19
15/04/2022,14:33:53:686,T,IXN22QKB26000,126,2,1.41e+18,1.65,7,23,I,FH,10:33:53.0,15-04-22,10:33:53.0,,,,,,,21.45,1.65,19
15/04/2022,14:33:55:970,T,IXN22QKB26000,126,2,1.41e+18,1.65,2,23,I,FH,10:33:55.0,15-04-22,10:33:55.0,,,,,,,24.75,1.65,55
15/04/2022,14:35:19:033,T,IXN22QKB33000,126,2,1.41e+18,23.3,2,23,I,FH,10:35:19.0,15-04-22,10:35:19.0,9,3,3,3,,,46.6,23.3,14
15/04/2022,14:48:32:979,T,IXN22HJB40500,126,2,1.41e+18,1.1,9,23,I,FH,10:48:32.0,15-04-22,10:48:32.0,,,,,,,9.9,1.1,55
15/04/2022,15:03:26:653,T,IXN22RHB28000,126,2,1.41e+18,7.1,1,23,I,FH,11:3:26.0,15-04-22,11:3:26.0,,,,,,,7.1,7.1,17
15/04/2022,15:04:00:530,T,IXN22EKB31500,126,2,1.41e+18,10.9,10,23,I,FH,11:4:0.0,15-04-22,11:4:0.0,5,9,9,9,,,109,10.9,24
15/04/2022,15:04:00:530,T,IXN22EKB31500,126,2,1.41e+18,10.9,3,23,I,FH,11:4:0.0,15-04-22,11:4:0.0,,,,,,,141.7,10.9,11
15/04/2022,15:04:00:548,T,IXN22EKB31500,126,2,1.41e+18,10.9,3,23,I,FH,11:4:0.0,15-04-22,11:4:0.0,,,,,,,174.4,10.9,55
15/04/2022,15:04:00:584,T,IXN22EKB31500,126,2,1.41e+18,10.9,1,23,I,FH,11:4:0.0,15-04-22,11:4:0.0,,,,,,,185.3,10.9,12
15/04/2022,15:12:13:148,T,IXN22QKB33000,126,2,1.41e+18,23.3,3,23,f,FH,11:12:13.0,15-04-22,11:12:13.0,,,,,,,116.5,23.3,15
15/04/2022,15:12:13:148,T,IXN22QKB36500,126,2,1.41e+18,53.52,3,23,f,FH,11:12:13.0,15-04-22,11:12:13.0,6,52,52,52,,,160.56,53.52,15
15/04/2022,15:12:13:148,T,IXN22QKB31000,126,2,1.41e+18,12.4,3,23,f,FH,11:12:13.0,15-04-22,11:12:13.0,8,4,4,4,,,37.2,12.4,15
15/04/2022,15:12:13:148,T,IXN22QKB37500,126,2,1.41e+18,63.47,3,23,f,FH,11:12:13.0,15-04-22,11:12:13.0,85,47,47,47,,,190.41,63.47,15
15/04/2022,15:18:02:513,T,IXN22RHB32000,126,2,1.41e+18,21.3,1,23,I,FH,11:18:2.0,15-04-22,11:18:2.0,49,3,3,3,,,21.3,21.3,20
15/04/2022,15:20:39:021,T,IXN22EKB33000,126,2,1.41e+18,5.5,5,23,I,FH,11:20:39.0,15-04-22,11:20:39.0,7,,,,,,27.5,5.5,17
15/04/2022,15:26:58:519,T,IXN22RHB32500,126,2,1.41e+18,24.3,1,23,I,FH,11:26:58.0,15-04-22,11:26:58.0,31,3,3,3,,,24.3,24.3,34
15/04/2022,15:28:02:823,T,IXN22EKB30500,126,2,1.41e+18,16.9,2,23,I,FH,11:28:2.0,15-04-22,11:28:2.0,7,9,9,9,,,33.8,16.9,12
15/04/2022,15:28:02:823,T,IXN22EKB31000,126,2,1.41e+18,13.9,2,23,I,FH,11:28:2.0,15-04-22,11:28:2.0,8,9,9,9,,,27.8,13.9,5
15/04/2022,15:28:02:823,T,IXN22EKB31000,126,2,1.41e+18,13.9,1,23,I,FH,11:28:2.0,15-04-22,11:28:2.0,,,,,,,41.7,13.9,5
15/04/2022,15:28:32:029,T,IXN22RHB28000,126,2,1.41e+18,7.1,1,23,S,FH,11:28:32.0,15-04-22,11:28:32.0,,,,,,,14.2,7.1,14
15/04/2022,15:37:14:857,T,IXN22QKB31500,126,2,1.41e+18,15,1,23,I,FH,11:37:14.0,15-04-22,11:37:14.0,5,,,,,,15,15,19
15/04/2022,15:39:11:307,T,IXN23MKB29000,126,2,1.41e+18,22.9,1,23,I,FH,11:39:11.0,15-04-22,11:39:11.0,,9,9,9,,,22.9,22.9,19
15/04/2022,15:39:38:140,T,IXN22QKB31500,126,2,1.41e+18,15.5,3,23,I,FH,11:39:38.0,15-04-22,11:39:38.0,,,5,,,,61.5,15.5,20
15/04/2022,15:45:14:337,T,IXN23MKB35000,126,2,1.41e+18,53.9,10,23,a,FH,11:45:14.0,15-04-22,11:45:14.0,44,9,9,9,,,539,53.9,24
15/04/2022,15:50:03:036,T,IXN22EKB32500,126,2,1.41e+18,6.4,1,23,I,FH,11:50:3.0,15-04-22,11:50:3.0,4,,,,,,6.4,6.4,14
15/04/2022,15:51:55:213,T,IXN22EKB35000,126,2,1.41e+18,1.27,10,23,f,FH,11:51:55.0,15-04-22,11:51:55.0,7,7,7,7,,,12.7,1.27,3
15/04/2022,15:51:55:213,T,IXN22EKB36000,126,2,1.41e+18,0.68,10,23,f,FH,11:51:55.0,15-04-22,11:51:55.0,5,8,8,8,,,6.8,0.68,3
15/04/2022,15:55:05:723,T,IXN22EKB35500,126,2,1.41e+18,0.9,1,23,I,FH,11:55:5.0,15-04-22,11:55:5.0,,,,,,,0.9,0.9,6
15/04/2022,15:55:05:723,T,IXN22EKB35500,126,2,1.41e+18,0.9,1,23,I,FH,11:55:5.0,15-04-22,11:55:5.0,,,,,,,1.8,0.9,2
15/04/2022,15:55:05:740,T,IXN22EKB35500,126,2,1.41e+18,0.9,1,23,I,FH,11:55:5.0,15-04-22,11:55:5.0,,,,,,,2.7,0.9,6
15/04/2022,15:55:05:740,T,IXN22EKB35500,126,2,1.41e+18,0.9,1,23,I,FH,11:55:5.0,15-04-22,11:55:5.0,,,,,,,3.6,0.9,2
15/04/2022,15:55:05:769,T,IXN22EKB35500,126,2,1.41e+18,0.9,2,23,I,FH,11:55:5.0,15-04-22,11:55:5.0,,,,,,,5.4,0.9,3
15/04/2022,15:55:05:769,T,IXN22EKB35500,126,2,1.41e+18,0.9,4,23,I,FH,11:55:5.0,15-04-22,11:55:5.0,,,,,,,9,0.9,3
15/04/2022,15:58:36:693,T,IXN22EKB35000,126,2,1.41e+18,1.25,3,23,I,FH,11:58:36.0,15-04-22,11:58:36.0,,,,5,,,16.45,1.25,34
15/04/2022,16:01:25:372,T,IXN22RHB22000,126,2,1.41e+18,1,1,23,I,FH,12:1:25.0,15-04-22,12:1:25.0,,,,,,,1,1,17
15/04/2022,16:04:06:654,T,IXN22QKB31000,126,2,1.41e+18,14.1,10,23,a,FH,12:4:6.0,15-04-22,12:4:6.0,,,1,,,,178.2,13.7,24
15/04/2022,16:05:02:855,T,IXN22QKB32000,126,2,1.41e+18,19.1,11,23,I,FH,12:5:2.0,15-04-22,12:5:2.0,66,1,1,1,,,210.1,19.1,3
15/04/2022,16:05:02:855,T,IXN22QKB32000,126,2,1.41e+18,19.1,1,23,I,FH,12:5:2.0,15-04-22,12:5:2.0,,,,,,,229.2,19.1,12
15/04/2022,16:05:08:293,T,IXN22QKB33000,126,2,1.41e+18,26,1,23,I,FH,12:5:8.0,15-04-22,12:5:8.0,,,,,,,142.5,24,3
15/04/2022,16:05:36:191,T,IXN22EKB34000,126,2,1.41e+18,2.5,1,23,I,FH,12:5:36.0,15-04-22,12:5:36.0,3,,,,,,2.5,2.5,2
15/04/2022,16:07:53:191,T,IXN22RHB32000,126,2,1.41e+18,23,1,23,I,FH,12:7:53.0,15-04-22,12:7:53.0,,,,,,,44.3,22,14
15/04/2022,16:10:46:084,T,IXN23MKB29500,126,2,1.41e+18,25.8,1,23,I,FH,12:10:46.0,15-04-22,12:10:46.0,,,8,,,,50.2,25.1,19
15/04/2022,16:12:23:155,T,IXN22QKB29500,126,2,1.41e+18,8.5,2,23,I,FH,12:12:23.0,15-04-22,12:12:23.0,,,,,,,17,8.5,34
15/04/2022,16:13:22:768,T,IXN22QKB32500,126,2,1.41e+18,22.8,1,23,f,FH,12:13:22.0,15-04-22,12:13:22.0,,,8,,,,42.8,21.4,6
15/04/2022,16:13:22:768,T,IXN22QKB30000,126,2,1.41e+18,10.3,1,23,f,FH,12:13:22.0,15-04-22,12:13:22.0,,,3,,,,19.1,9.6,6
15/04/2022,16:13:33:257,T,IXN22QKB30000,126,2,1.41e+18,10.2,1,23,I,FH,12:13:33.0,15-04-22,12:13:33.0,,,,,,,29.3,9.8,14
15/04/2022,16:18:13:063,T,IXN23MKB31000,126,2,1.41e+18,32.2,1,23,I,FH,12:18:13.0,15-04-22,12:18:13.0,8,2,2,2,,,32.2,32.2,19
15/04/2022,16:18:13:908,T,IXN22QKB31000,126,2,1.41e+18,14.42,1,23,a,FH,12:18:13.0,15-04-22,12:18:13.0,,,42,,,,192.62,13.76,24
15/04/2022,16:18:31:596,T,IXN22RHB35000,126,2,1.41e+18,44.8,4,23,I,FH,12:18:31.0,15-04-22,12:18:31.0,34,8,8,8,,,179.2,44.8,17
15/04/2022,16:18:31:596,T,IXN22RHB35000,126,2,1.41e+18,44.8,4,23,I,FH,12:18:31.0,15-04-22,12:18:31.0,,,,,,,358.4,44.8,17
15/04/2022,16:18:31:596,T,IXN22RHB35000,126,2,1.41e+18,44.8,2,23,I,FH,12:18:31.0,15-04-22,12:18:31.0,,,,,,,448,44.8,17
15/04/2022,16:18:55:852,T,IXN22HJB34500,126,2,1.41e+18,9,1,23,I,FH,12:18:55.0,15-04-22,12:18:55.0,,,,,,,9,9,19
15/04/2022,16:20:33:792,T,IXN22QKB28500,126,2,1.41e+18,5.87,1,23,f,FH,12:20:33.0,15-04-22,12:20:33.0,,7,7,7,,,5.87,5.87,3
15/04/2022,16:20:33:792,T,IXN22QKB28000,126,2,1.41e+18,4.99,2,23,f,FH,12:20:33.0,15-04-22,12:20:33.0,,,9,,,,51.58,3.44,3
15/04/2022,16:20:33:792,T,IXN22QKB30500,126,2,1.41e+18,12.35,1,23,f,FH,12:20:33.0,15-04-22,12:20:33.0,,35,35,35,,,12.35,12.35,3
15/04/2022,16:20:33:792,T,IXN22QKB28500,126,2,1.41e+18,5.87,1,23,f,FH,12:20:33.0,15-04-22,12:20:33.0,,,,,,,11.74,5.87,12
15/04/2022,16:20:33:792,T,IXN22QKB28000,126,2,1.41e+18,4.99,2,23,f,FH,12:20:33.0,15-04-22,12:20:33.0,,,,,,,61.56,3.62,12
15/04/2022,16:20:33:792,T,IXN22QKB30500,126,2,1.41e+18,12.35,1,23,f,FH,12:20:33.0,15-04-22,12:20:33.0,,,,,,,24.7,12.35,12
15/04/2022,16:20:33:792,T,IXN22QKB28500,126,2,1.41e+18,5.75,1,23,f,FH,12:20:33.0,15-04-22,12:20:33.0,,,,,,,17.49,5.75,24
15/04/2022,16:20:33:792,T,IXN22QKB30500,126,2,1.41e+18,12.35,1,23,f,FH,12:20:33.0,15-04-22,12:20:33.0,,,,,,,37.05,12.35,24
15/04/2022,16:20:33:792,T,IXN22QKB28000,126,2,1.41e+18,5.05,2,23,f,FH,12:20:33.0,15-04-22,12:20:33.0,,,5,,,,71.66,3.77,24
15/04/2022,16:20:58:953,T,IXN22HJB34500,126,2,1.41e+18,9.1,1,23,I,FH,12:20:58.0,15-04-22,12:20:58.0,,,,,,,18.1,9.1,19
15/04/2022,16:26:30:417,T,IXN22QKB31500,126,2,1.41e+18,16.4,3,23,I,FH,12:26:30.0,15-04-22,12:26:30.0,,,4,,,,110.7,15.8,14
15/04/2022,16:27:40:523,T,IXN22EKB32000,126,2,1.41e+18,8.3,1,23,I,FH,12:27:40.0,15-04-22,12:27:40.0,1,,,,,,8.3,8.3,14
15/04/2022,16:31:21:434,T,IXN22QKB35000,126,2,1.41e+18,42.7,5,23,a,FH,12:31:21.0,15-04-22,12:31:21.0,29,7,7,7,,,213.5,42.7,36
15/04/2022,16:31:36:321,T,IXN22EKB33000,126,2,1.41e+18,4.87,1,23,f,FH,12:31:36.0,15-04-22,12:31:36.0,,,,7,,,32.37,5.4,12
15/04/2022,16:31:36:321,T,IXN22EKB35000,126,2,1.41e+18,1.37,1,23,f,FH,12:31:36.0,15-04-22,12:31:36.0,,,,7,,,17.82,1.27,12
15/04/2022,16:36:54:516,T,IXN22EKB31000,126,2,1.41e+18,13,1,23,I,FH,12:36:54.0,15-04-22,12:36:54.0,,,,,,,54.7,14,19
15/04/2022,16:36:55:470,T,IXN22EKB31000,126,2,1.41e+18,13,24,23,I,FH,12:36:55.0,15-04-22,12:36:55.0,,,,,,,366.7,13,19
15/04/2022,16:37:47:043,T,IXN23AKB30000,126,2,1.41e+18,40.3,1,23,I,FH,12:37:47.0,15-04-22,12:37:47.0,4,3,3,3,,,40.3,40.3,1
15/04/2022,16:38:19:566,T,IXN22EKB31000,126,2,1.41e+18,13,1,23,I,FH,12:38:19.0,15-04-22,12:38:19.0,,,,,,,379.7,13,34
15/04/2022,16:40:53:682,T,IXN22RHB31500,126,2,1.41e+18,20.63,2,23,g,FH,12:40:53.0,15-04-22,12:40:53.0,94,63,63,63,,,41.26,20.63,3
15/04/2022,16:40:53:682,T,IXN22RHB29000,126,2,1.41e+18,10.63,2,23,g,FH,12:40:53.0,15-04-22,12:40:53.0,,63,63,63,,,21.26,10.63,3
15/04/2022,16:42:54:726,T,IXN22RHB35000,126,2,1.41e+18,45,1,23,I,FH,12:42:54.0,15-04-22,12:42:54.0,,,,,,,493,45,6
15/04/2022,16:42:56:395,T,IXN22QKB32500,126,2,1.41e+18,22.4,14,23,I,FH,12:42:56.0,15-04-22,12:42:56.0,,,,,,,356.4,22.3,12
15/04/2022,16:42:56:395,T,IXN22QKB32500,126,2,1.41e+18,22.4,22,23,I,FH,12:42:56.0,15-04-22,12:42:56.0,,,,,,,849.2,22.3,12
15/04/2022,16:42:56:395,T,IXN22QKB32500,126,2,1.41e+18,22.4,10,23,I,FH,12:42:56.0,15-04-22,12:42:56.0,,,,,,,1073.2,22.4,12
15/04/2022,16:42:56:395,T,IXN22QKB32500,126,2,1.41e+18,22.4,4,23,I,FH,12:42:56.0,15-04-22,12:42:56.0,,,,,,,1162.8,22.4,12
15/04/2022,16:42:56:395,T,IXN22QKB32500,126,2,1.41e+18,22.4,3,23,I,FH,12:42:56.0,15-04-22,12:42:56.0,,,,,,,1230,22.4,12
15/04/2022,16:42:56:410,T,IXN22QKB32500,126,2,1.41e+18,22.5,4,23,I,FH,12:42:56.0,15-04-22,12:42:56.0,,,,,,,1320,22.5,20
15/04/2022,16:42:56:410,T,IXN22QKB32500,126,2,1.41e+18,22.5,6,23,I,FH,12:42:56.0,15-04-22,12:42:56.0,,,,,,,1455,22.5,14
15/04/2022,16:42:56:427,T,IXN22QKB32500,126,2,1.41e+18,22.5,4,23,I,FH,12:42:56.0,15-04-22,12:42:56.0,,,,,,,1545,22.5,55
15/04/2022,16:42:56:427,T,IXN22QKB32500,126,2,1.41e+18,22.5,5,23,I,FH,12:42:56.0,15-04-22,12:42:56.0,,,,,,,1657.5,22.5,17
15/04/2022,16:42:56:427,T,IXN22QKB32500,126,2,1.41e+18,22.5,29,23,I,FH,12:42:56.0,15-04-22,12:42:56.0,,,,,,,2310,22.5,17
15/04/2022,16:42:56:427,T,IXN22QKB32500,126,2,1.41e+18,22.5,18,23,I,FH,12:42:56.0,15-04-22,12:42:56.0,,,,,,,2715,22.5,2
15/04/2022,16:45:10:580,T,IXN22EKB31000,126,2,1.41e+18,12.56,2,23,g,FH,12:45:10.0,15-04-22,12:45:10.0,,,,56,,,404.82,13.06,3
15/04/2022,16:45:10:580,T,IXN22EKB32000,126,2,1.41e+18,7.96,2,23,g,FH,12:45:10.0,15-04-22,12:45:10.0,,,,6,,,24.22,8.07,3
15/04/2022,16:47:31:366,T,IXN22WIB22500,126,2,1.41e+18,6.05,1,23,I,FH,12:47:31.0,15-04-22,12:47:31.0,,5,5,5,,,6.05,6.05,17
15/04/2022,16:47:38:025,T,IXN22FHB32500,126,2,1.41e+18,9.7,3,23,S,FH,12:47:38.0,15-04-22,12:47:38.0,,,,,,,29.1,9.7,1
15/04/2022,16:47:38:025,T,IXN22FHB32500,126,2,1.41e+18,9.7,4,23,S,FH,12:47:38.0,15-04-22,12:47:38.0,,,,,,,67.9,9.7,2
15/04/2022,16:47:38:025,T,IXN22FHB32500,126,2,1.41e+18,9.7,3,23,S,FH,12:47:38.0,15-04-22,12:47:38.0,,,,,,,97,9.7,11
15/04/2022,16:47:38:025,T,IXN22FHB32500,126,2,1.41e+18,9.7,3,23,S,FH,12:47:38.0,15-04-22,12:47:38.0,,,,,,,126.1,9.7,19
15/04/2022,16:47:38:025,T,IXN22FHB32500,126,2,1.41e+18,9.7,7,23,S,FH,12:47:38.0,15-04-22,12:47:38.0,,,,,,,194,9.7,5
15/04/2022,16:51:36:945,T,IXN22HJB23000,126,2,1.41e+18,82.4,5,23,I,FH,12:51:36.0,15-04-22,12:51:36.0,,4,4,4,,,412,82.4,3
15/04/2022,16:51:36:945,T,IXN22HJB23000,126,2,1.41e+18,82.5,3,23,I,FH,12:51:36.0,15-04-22,12:51:36.0,,,5,,,,659.5,82.5,17
15/04/2022,16:51:36:945,T,IXN22HJB23000,126,2,1.41e+18,82.41,1,23,I,FH,12:51:36.0,15-04-22,12:51:36.0,,,,,,,741.91,82.43,17
15/04/2022,16:51:36:945,T,IXN22HJB23000,126,2,1.41e+18,82.4,1,23,I,FH,12:51:36.0,15-04-22,12:51:36.0,,,,,,,824.31,82.4,17
15/04/2022,16:51:36:945,T,IXN22HJB23000,126,2,1.41e+18,82.41,1,23,I,FH,12:51:36.0,15-04-22,12:51:36.0,,,,,,,906.72,82.43,19
15/04/2022,16:51:36:945,T,IXN22HJB23000,126,2,1.41e+18,82.4,1,23,I,FH,12:51:36.0,15-04-22,12:51:36.0,,,,,,,989.12,82.4,19
15/04/2022,16:51:36:945,T,IXN22HJB23000,126,2,1.41e+18,82.4,12,23,I,FH,12:51:36.0,15-04-22,12:51:36.0,,,,,,,1977.92,82.4,55
15/04/2022,16:54:07:835,T,IXN22QKB31500,126,2,1.41e+18,17.05,1,23,I,FH,12:54:7.0,15-04-22,12:54:7.0,,,05,,,,127.75,15.97,17
15/04/2022,16:54:25:717,T,IXN22QKB31000,126,2,1.41e+18,14.8,1,23,I,FH,12:54:25.0,15-04-22,12:54:25.0,,,8,,,,207.42,13.8,34
15/04/2022,16:54:40:101,T,IXN23MKB32500,126,2,1.41e+18,40,1,23,I,FH,12:54:40.0,15-04-22,12:54:40.0,2,,,,,,40,40,14
15/04/2022,16:54:59:541,T,IXN23MKB26000,126,2,1.41e+18,14.5,5,23,a,FH,12:54:59.0,15-04-22,12:54:59.0,,5,5,5,,,72.5,14.5,24
15/04/2022,17:05:44:591,T,IXN22RHB30500,126,2,1.41e+18,16.75,1,23,f,FH,13:5:44.0,15-04-22,13:5:44.0,,75,75,75,,,16.75,16.75,15
15/04/2022,17:05:44:591,T,IXN22RHB28000,126,2,1.41e+18,8.15,1,23,f,FH,13:5:44.0,15-04-22,13:5:44.0,,,5,,,,22.35,7.45,15
15/04/2022,17:06:56:586,T,IXN22EKB35000,126,2,1.41e+18,1.2,1,23,I,FH,13:6:56.0,15-04-22,13:6:56.0,,,,,,,19.02,1.3,1
15/04/2022,17:17:43:448,T,IXN22QKB31000,126,2,1.41e+18,14.3,2,23,I,FH,13:17:43.0,15-04-22,13:17:43.0,,,,,,,236.02,13.9,34
15/04/2022,17:21:17:356,T,IXN22QKB35000,126,2,1.41e+18,44.3,2,23,I,FH,13:21:17.0,15-04-22,13:21:17.0,,,3,,,,302.1,43.2,20
15/04/2022,17:25:04:681,T,IXN22QKB32500,126,2,1.41e+18,23.58,1,23,g,FH,13:25:4.0,15-04-22,13:25:4.0,,,58,,,,2738.58,22.45,6
15/04/2022,17:25:04:681,T,IXN22QKB33500,126,2,1.41e+18,30.8,1,23,g,FH,13:25:4.0,15-04-22,13:25:4.0,5,8,8,8,,,30.8,30.8,6
15/04/2022,17:25:04:681,T,IXN22QKB33000,126,2,1.41e+18,26.89,1,23,g,FH,13:25:4.0,15-04-22,13:25:4.0,,,89,,,,169.39,24.2,6
15/04/2022,17:25:04:681,T,IXN22QKB31500,126,2,1.41e+18,17.32,1,23,g,FH,13:25:4.0,15-04-22,13:25:4.0,,,32,,,,145.07,16.12,6
15/04/2022,17:25:04:681,T,IXN22QKB33500,126,2,1.41e+18,30.8,1,23,g,FH,13:25:4.0,15-04-22,13:25:4.0,,,,,,,61.6,30.8,6
15/04/2022,17:25:04:681,T,IXN22QKB33000,126,2,1.41e+18,26.89,1,23,g,FH,13:25:4.0,15-04-22,13:25:4.0,,,,,,,196.28,24.53,6
15/04/2022,17:25:04:681,T,IXN22QKB32500,126,2,1.41e+18,23.58,1,23,g,FH,13:25:4.0,15-04-22,13:25:4.0,,,,,,,2762.16,22.46,6
15/04/2022,17:25:04:681,T,IXN22QKB31500,126,2,1.41e+18,17.32,1,23,g,FH,13:25:4.0,15-04-22,13:25:4.0,,,,,,,162.39,16.24,6
15/04/2022,17:26:39:203,T,IXN22FHB34000,126,2,1.41e+18,5,15,23,I,FH,13:26:39.0,15-04-22,13:26:39.0,,,,,,,167.4,6,14
15/04/2022,17:27:38:094,T,IXN23AKB20000,126,2,1.41e+18,114,2,23,I,FH,13:27:38.0,15-04-22,13:27:38.0,.55,,,,,,228,114,14
15/04/2022,17:29:25:312,T,IXN22EKB27000,126,2,1.41e+18,40.9,1,23,I,FH,13:29:25.0,15-04-22,13:29:25.0,6,9,9,9,,,40.9,40.9,15
15/04/2022,17:29:59:506,T,IXN22QKB31000,126,2,1.41e+18,14.6,5,23,I,FH,13:29:59.0,15-04-22,13:29:59.0,,,,,,,309.02,14,14
15/04/2022,17:29:59:506,T,IXN22QKB31000,126,2,1.41e+18,14.6,1,23,I,FH,13:29:59.0,15-04-22,13:29:59.0,,,,,,,323.62,14.1,1
15/04/2022,17:29:59:506,T,IXN22QKB31000,126,2,1.41e+18,14.6,5,23,I,FH,13:29:59.0,15-04-22,13:29:59.0,,,,,,,396.62,14.2,14
15/04/2022,17:29:59:506,T,IXN22QKB31000,126,2,1.41e+18,14.6,5,23,I,FH,13:29:59.0,15-04-22,13:29:59.0,,,,,,,469.62,14.2,14
15/04/2022,17:29:59:506,T,IXN22QKB31000,126,2,1.41e+18,14.6,5,23,I,FH,13:29:59.0,15-04-22,13:29:59.0,,,,,,,542.62,14.3,14
15/04/2022,17:29:59:506,T,IXN22QKB31000,126,2,1.41e+18,14.6,5,23,I,FH,13:29:59.0,15-04-22,13:29:59.0,,,,,,,615.62,14.3,3
15/04/2022,17:29:59:506,T,IXN22QKB31000,126,2,1.41e+18,14.6,1,23,I,FH,13:29:59.0,15-04-22,13:29:59.0,,,,,,,630.22,14.3,24
15/04/2022,17:29:59:506,T,IXN22QKB31000,126,2,1.41e+18,14.6,5,23,I,FH,13:29:59.0,15-04-22,13:29:59.0,,,,,,,703.22,14.4,17
15/04/2022,17:29:59:506,T,IXN22QKB31000,126,2,1.41e+18,14.6,5,23,I,FH,13:29:59.0,15-04-22,13:29:59.0,,,,,,,776.22,14.4,17
15/04/2022,17:29:59:506,T,IXN22QKB31000,126,2,1.41e+18,14.6,6,23,I,FH,13:29:59.0,15-04-22,13:29:59.0,,,,,,,863.82,14.4,11
15/04/2022,17:29:59:506,T,IXN22QKB31000,126,2,1.41e+18,14.6,6,23,I,FH,13:29:59.0,15-04-22,13:29:59.0,,,,,,,951.42,14.4,6
15/04/2022,17:29:59:506,T,IXN22QKB31000,126,2,1.41e+18,14.6,1,23,I,FH,13:29:59.0,15-04-22,13:29:59.0,,,,,,,966.02,14.4,19
15/04/2022,17:29:59:506,T,IXN22QKB31000,126,2,1.41e+18,14.6,5,23,I,FH,13:29:59.0,15-04-22,13:29:59.0,,,,,,,1039.02,14.4,14
15/04/2022,17:29:59:506,T,IXN22QKB31000,126,2,1.41e+18,14.6,5,23,I,FH,13:29:59.0,15-04-22,13:29:59.0,,,,,,,1112.02,14.4,15
15/04/2022,17:29:59:525,T,IXN22QKB31000,126,2,1.41e+18,14.6,4,23,I,FH,13:29:59.0,15-04-22,13:29:59.0,,,,,,,1170.42,14.4,17
15/04/2022,17:30:07:044,T,IXN22QKB31000,126,2,1.41e+18,14.6,4,23,I,FH,13:30:7.0,15-04-22,13:30:7.0,,,,,,,1228.82,14.5,3
15/04/2022,17:30:19:180,T,IXN22QKB31000,126,2,1.41e+18,14.5,9,23,I,FH,13:30:19.0,15-04-22,13:30:19.0,,,,,,,1359.32,14.5,14
15/04/2022,17:30:19:180,T,IXN22QKB31000,126,2,1.41e+18,14.5,12,23,I,FH,13:30:19.0,15-04-22,13:30:19.0,,,,,,,1533.32,14.5,19
15/04/2022,17:30:19:213,T,IXN22QKB31000,126,2,1.41e+18,14.5,4,23,I,FH,13:30:19.0,15-04-22,13:30:19.0,,,,,,,1591.32,14.5,19
15/04/2022,17:30:20:412,T,IXN22QKB31000,126,2,1.41e+18,14.5,1,23,I,FH,13:30:20.0,15-04-22,13:30:20.0,,,,,,,1605.82,14.5,19
15/04/2022,17:30:20:490,T,IXN22QKB31000,126,2,1.41e+18,14.5,1,23,I,FH,13:30:20.0,15-04-22,13:30:20.0,,,,,,,1620.32,14.5,19
15/04/2022,17:30:30:008,T,IXN22QKB31000,126,2,1.41e+18,14.4,5,23,I,FH,13:30:30.0,15-04-22,13:30:30.0,,,,,,,1692.32,14.5,14
15/04/2022,17:30:30:008,T,IXN22QKB31000,126,2,1.41e+18,14.4,5,23,I,FH,13:30:30.0,15-04-22,13:30:30.0,,,,,,,1764.32,14.5,14
15/04/2022,17:30:30:008,T,IXN22QKB31000,126,2,1.41e+18,14.4,2,23,I,FH,13:30:30.0,15-04-22,13:30:30.0,,,,,,,1793.12,14.5,1
15/04/2022,17:30:30:008,T,IXN22QKB31000,126,2,1.41e+18,14.4,5,23,I,FH,13:30:30.0,15-04-22,13:30:30.0,,,,,,,1865.12,14.5,14
15/04/2022,17:30:30:008,T,IXN22QKB31000,126,2,1.41e+18,14.4,6,23,I,FH,13:30:30.0,15-04-22,13:30:30.0,,,,,,,1951.52,14.5,19
15/04/2022,17:30:30:008,T,IXN22QKB31000,126,2,1.41e+18,14.4,5,23,I,FH,13:30:30.0,15-04-22,13:30:30.0,,,,,,,2023.52,14.5,14
15/04/2022,17:30:30:008,T,IXN22QKB31000,126,2,1.41e+18,14.4,5,23,I,FH,13:30:30.0,15-04-22,13:30:30.0,,,,,,,2095.52,14.5,17
15/04/2022,17:30:30:008,T,IXN22QKB31000,126,2,1.41e+18,14.4,1,23,I,FH,13:30:30.0,15-04-22,13:30:30.0,,,,,,,2109.92,14.5,17
15/04/2022,17:30:30:008,T,IXN22QKB31000,126,2,1.41e+18,14.4,1,23,I,FH,13:30:30.0,15-04-22,13:30:30.0,,,,,,,2124.32,14.5,24
15/04/2022,17:30:30:008,T,IXN22QKB31000,126,2,1.41e+18,14.4,4,23,I,FH,13:30:30.0,15-04-22,13:30:30.0,,,,,,,2181.92,14.4,17
15/04/2022,17:30:30:008,T,IXN22QKB31000,126,2,1.41e+18,14.4,5,23,I,FH,13:30:30.0,15-04-22,13:30:30.0,,,,,,,2253.92,14.4,11
15/04/2022,17:30:30:008,T,IXN22QKB31000,126,2,1.41e+18,14.4,5,23,I,FH,13:30:30.0,15-04-22,13:30:30.0,,,,,,,2325.92,14.4,3
15/04/2022,17:30:30:008,T,IXN22QKB31000,126,2,1.41e+18,14.4,1,23,I,FH,13:30:30.0,15-04-22,13:30:30.0,,,,,,,2340.32,14.4,17
15/04/2022,17:30:30:008,T,IXN22QKB31000,126,2,1.41e+18,14.4,5,23,I,FH,13:30:30.0,15-04-22,13:30:30.0,,,,,,,2412.32,14.4,15
15/04/2022,17:30:30:008,T,IXN22QKB31000,126,2,1.41e+18,14.4,2,23,I,FH,13:30:30.0,15-04-22,13:30:30.0,,,,,,,2441.12,14.4,14
15/04/2022,17:30:30:008,T,IXN22QKB31000,126,2,1.41e+18,14.4,2,23,I,FH,13:30:30.0,15-04-22,13:30:30.0,,,,,,,2469.92,14.4,17
15/04/2022,17:30:30:008,T,IXN22QKB31000,126,2,1.41e+18,14.4,2,23,I,FH,13:30:30.0,15-04-22,13:30:30.0,,,,,,,2498.72,14.4,17
15/04/2022,17:30:30:008,T,IXN22QKB31000,126,2,1.41e+18,14.4,1,23,I,FH,13:30:30.0,15-04-22,13:30:30.0,,,,,,,2513.12,14.4,17
15/04/2022,17:30:30:008,T,IXN22QKB31000,126,2,1.41e+18,14.4,1,23,I,FH,13:30:30.0,15-04-22,13:30:30.0,,,,,,,2527.52,14.4,17
15/04/2022,17:30:30:008,T,IXN22QKB31000,126,2,1.41e+18,14.4,6,23,I,FH,13:30:30.0,15-04-22,13:30:30.0,,,,,,,2613.92,14.4,6
15/04/2022,17:30:30:008,T,IXN22QKB31000,126,2,1.41e+18,14.4,3,23,I,FH,13:30:30.0,15-04-22,13:30:30.0,,,,,,,2657.12,14.4,14
15/04/2022,17:30:30:008,T,IXN22QKB31000,126,2,1.41e+18,14.4,2,23,I,FH,13:30:30.0,15-04-22,13:30:30.0,,,,,,,2685.92,14.4,14
15/04/2022,17:30:30:008,T,IXN22QKB31000,126,2,1.41e+18,14.4,5,23,I,FH,13:30:30.0,15-04-22,13:30:30.0,,,,,,,2757.92,14.4,15
15/04/2022,17:30:30:008,T,IXN22QKB31000,126,2,1.41e+18,14.4,5,23,I,FH,13:30:30.0,15-04-22,13:30:30.0,,,,,,,2829.92,14.4,17
15/04/2022,17:30:30:083,T,IXN22QKB31000,126,2,1.41e+18,14.4,4,23,S,FH,13:30:30.0,15-04-22,13:30:30.0,,,,,,,2887.52,14.4,17
15/04/2022,17:30:30:083,T,IXN22QKB31000,126,2,1.41e+18,14.4,1,23,S,FH,13:30:30.0,15-04-22,13:30:30.0,,,,,,,2901.92,14.4,14
15/04/2022,17:30:50:427,T,IXN22QKB31000,126,2,1.41e+18,14.3,1,23,I,FH,13:30:50.0,15-04-22,13:30:50.0,,,,,,,2916.22,14.4,14
15/04/2022,17:30:50:427,T,IXN22QKB31000,126,2,1.41e+18,14.3,1,23,I,FH,13:30:50.0,15-04-22,13:30:50.0,,,,,,,2930.52,14.4,1
15/04/2022,17:30:50:427,T,IXN22QKB31000,126,2,1.41e+18,14.3,1,23,I,FH,13:30:50.0,15-04-22,13:30:50.0,,,,,,,2944.82,14.4,17
15/04/2022,17:30:50:427,T,IXN22QKB31000,126,2,1.41e+18,14.3,1,23,I,FH,13:30:50.0,15-04-22,13:30:50.0,,,,,,,2959.12,14.4,3
15/04/2022,17:30:50:427,T,IXN22QKB31000,126,2,1.41e+18,14.3,1,23,I,FH,13:30:50.0,15-04-22,13:30:50.0,,,,,,,2973.42,14.4,15
15/04/2022,17:30:50:427,T,IXN22QKB31000,126,2,1.41e+18,14.3,1,23,I,FH,13:30:50.0,15-04-22,13:30:50.0,,,,,,,2987.72,14.4,11
15/04/2022,17:30:50:427,T,IXN22QKB31000,126,2,1.41e+18,14.3,2,23,I,FH,13:30:50.0,15-04-22,13:30:50.0,,,,,,,3016.32,14.4,6
15/04/2022,17:30:50:427,T,IXN22QKB31000,126,2,1.41e+18,14.3,2,23,I,FH,13:30:50.0,15-04-22,13:30:50.0,,,,,,,3044.92,14.4,19
15/04/2022,17:30:50:487,T,IXN22QKB31000,126,2,1.41e+18,14.3,1,23,I,FH,13:30:50.0,15-04-22,13:30:50.0,,,,,,,3059.22,14.4,24
15/04/2022,17:30:53:390,T,IXN22QKB31000,126,2,1.41e+18,14.3,26,23,I,FH,13:30:53.0,15-04-22,13:30:53.0,,,,,,,3431.02,14.4,24
15/04/2022,17:30:54:887,T,IXN22QKB31000,126,2,1.41e+18,14.4,1,23,I,FH,13:30:54.0,15-04-22,13:30:54.0,,,,,,,3445.42,14.4,17
15/04/2022,17:33:05:430,T,IXN22QKB31000,126,2,1.41e+18,14.3,1,23,I,FH,13:33:5.0,15-04-22,13:33:5.0,,,,,,,3459.72,14.4,19
15/04/2022,17:33:05:430,T,IXN22QKB31000,126,2,1.41e+18,14.3,331,23,I,FH,13:33:5.0,15-04-22,13:33:5.0,,,,,,,8193.02,14.3,19
15/04/2022,17:33:05:430,T,IXN22QKB29000,126,2,1.41e+18,7.1,1,23,I,FH,13:33:5.0,15-04-22,13:33:5.0,2,,,,,,7.1,7.1,17
15/04/2022,17:33:46:617,T,IXN22TJB22000,126,2,1.41e+18,3.3,5,23,I,FH,13:33:46.0,15-04-22,13:33:46.0,,,,,,,16.5,3.3,14
15/04/2022,17:33:47:737,T,IXN22QKB29000,126,2,1.41e+18,7.2,1,23,I,FH,13:33:47.0,15-04-22,13:33:47.0,,,,,,,14.3,7.2,17
15/04/2022,17:37:49:588,T,IXN22QKB32000,126,2,1.41e+18,20,2,23,I,FH,13:37:49.0,15-04-22,13:37:49.0,,,,,,,269.2,19,34
15/04/2022,17:38:25:672,T,IXN22TJB20500,126,2,1.41e+18,2.05,2,23,I,FH,13:38:25.0,15-04-22,13:38:25.0,,,5,5,,,4.1,2.05,3
15/04/2022,17:38:25:672,T,IXN22TJB20500,126,2,1.41e+18,2.05,4,23,I,FH,13:38:25.0,15-04-22,13:38:25.0,,,,,,,12.3,2.05,19
15/04/2022,17:38:25:672,T,IXN22TJB20500,126,2,1.41e+18,2.05,1,23,I,FH,13:38:25.0,15-04-22,13:38:25.0,,,,,,,14.35,2.05,17
15/04/2022,17:40:18:320,T,IXN22TJB20500,126,2,1.41e+18,2.05,1,23,I,FH,13:40:18.0,15-04-22,13:40:18.0,,,,,,,16.4,2.05,14
15/04/2022,17:51:40:419,T,IXN22RHB34500,126,2,1.41e+18,41.43,1,23,f,FH,13:51:40.0,15-04-22,13:51:40.0,61,43,43,43,,,41.43,41.43,12
15/04/2022,17:51:40:419,T,IXN22RHB33000,126,2,1.41e+18,30.18,1,23,f,FH,13:51:40.0,15-04-22,13:51:40.0,65,18,18,18,,,30.18,30.18,12
15/04/2022,17:51:40:419,T,IXN22RHB36000,126,2,1.41e+18,54.61,1,23,f,FH,13:51:40.0,15-04-22,13:51:40.0,1,61,61,61,,,54.61,54.61,12
15/04/2022,17:51:40:419,T,IXN22RHB30500,126,2,1.41e+18,16.4,1,23,f,FH,13:51:40.0,15-04-22,13:51:40.0,,,,4,,,33.15,16.6,12
15/04/2022,17:52:57:376,T,IXN22QKB29500,126,2,1.41e+18,8.8,2,23,I,FH,13:52:57.0,15-04-22,13:52:57.0,,,,,,,34.6,8.7,14
15/04/2022,17:54:08:359,T,IXN22EKB34000,126,2,1.41e+18,2.2,1,23,I,FH,13:54:8.0,15-04-22,13:54:8.0,,,,,,,4.7,2.4,19
15/04/2022,17:57:01:940,T,IXN22EKB34000,126,2,1.41e+18,2.2,1,23,I,FH,13:57:1.0,15-04-22,13:57:1.0,,,,,,,6.9,2.3,19
15/04/2022,17:57:44:999,T,IXN22KIB42500,126,2,1.41e+18,1.47,6,23,a,FH,13:57:44.0,15-04-22,13:57:44.0,,7,7,7,,,8.82,1.47,24
15/04/2022,18:00:04:016,T,IXN22EKB34000,126,2,1.41e+18,2.2,1,23,I,FH,14:0:4.0,15-04-22,14:0:4.0,,,,,,,9.1,2.3,19
15/04/2022,18:00:04:016,T,IXN22EKB34000,126,2,1.41e+18,2.2,12,23,I,FH,14:0:4.0,15-04-22,14:0:4.0,,,,,,,35.5,2.2,19
15/04/2022,18:03:13:896,T,IXN22QKB30500,126,2,1.41e+18,12.95,2,23,f,FH,14:3:13.0,15-04-22,14:3:13.0,,,95,,,,62.95,12.59,12
15/04/2022,18:03:13:896,T,IXN22QKB28500,126,2,1.41e+18,6.25,2,23,f,FH,14:3:13.0,15-04-22,14:3:13.0,,,5,,,,29.99,6,12
15/04/2022,18:04:13:101,T,IXN22EKB35500,126,2,1.41e+18,0.85,1,23,I,FH,14:4:13.0,15-04-22,14:4:13.0,,,,5,,,9.85,0.9,34
15/04/2022,18:04:13:101,T,IXN22EKB35500,126,2,1.41e+18,0.85,1,23,I,FH,14:4:13.0,15-04-22,14:4:13.0,,,,,,,10.7,0.89,34
15/04/2022,18:07:00:705,T,IXN23AKB35000,126,2,1.41e+18,15.7,1,23,I,FH,14:7:0.0,15-04-22,14:7:0.0,94,7,7,7,,,15.7,15.7,14
15/04/2022,18:07:00:705,T,IXN23AKB35000,126,2,1.41e+18,15.7,1,23,I,FH,14:7:0.0,15-04-22,14:7:0.0,,,,,,,31.4,15.7,14
15/04/2022,18:07:00:909,T,IXN23AKB35000,126,2,1.41e+18,15.7,1,23,I,FH,14:7:0.0,15-04-22,14:7:0.0,,,,,,,47.1,15.7,14
15/04/2022,18:07:00:939,T,IXN23AKB35000,126,2,1.41e+18,15.7,1,23,I,FH,14:7:0.0,15-04-22,14:7:0.0,,,,,,,62.8,15.7,14
15/04/2022,18:07:01:797,T,IXN23AKB35000,126,2,1.41e+18,15.7,1,23,I,FH,14:7:1.0,15-04-22,14:7:1.0,,,,,,,78.5,15.7,14
15/04/2022,18:07:01:797,T,IXN23AKB35000,126,2,1.41e+18,15.7,1,23,I,FH,14:7:1.0,15-04-22,14:7:1.0,,,,,,,94.2,15.7,14
15/04/2022,18:07:02:050,T,IXN23AKB35000,126,2,1.41e+18,15.7,1,23,I,FH,14:7:2.0,15-04-22,14:7:2.0,,,,,,,109.9,15.7,14
15/04/2022,18:07:02:050,T,IXN23AKB35000,126,2,1.41e+18,15.7,1,23,I,FH,14:7:2.0,15-04-22,14:7:2.0,,,,,,,125.6,15.7,14
15/04/2022,18:07:02:112,T,IXN23AKB35000,126,2,1.41e+18,15.7,1,23,I,FH,14:7:2.0,15-04-22,14:7:2.0,,,,,,,141.3,15.7,14
15/04/2022,18:08:24:665,T,IXN22FHB34000,126,2,1.41e+18,4.8,2,23,I,FH,14:8:24.0,15-04-22,14:8:24.0,,,,,,,177,5.7,14
15/04/2022,18:13:55:092,T,IXN22EKB35500,126,2,1.41e+18,0.85,1,23,I,FH,14:13:55.0,15-04-22,14:13:55.0,,,,,,,11.55,0.89,14
15/04/2022,18:18:21:639,T,IXN22RHB27500,126,2,1.41e+18,7.2,1,23,I,FH,14:18:21.0,15-04-22,14:18:21.0,5,,,,,,7.2,7.2,24
15/04/2022,18:18:42:573,T,IXN22RHB32000,126,2,1.41e+18,24.19,1,23,a,FH,14:18:42.0,15-04-22,14:18:42.0,,,19,,,,68.49,22.83,3
15/04/2022,18:21:47:468,T,IXN22QKB31000,126,2,1.41e+18,14.3,10,23,I,FH,14:21:47.0,15-04-22,14:21:47.0,,,,,,,8336.02,14.3,17
15/04/2022,18:21:47:468,T,IXN22QKB31000,126,2,1.41e+18,14.3,2,23,I,FH,14:21:47.0,15-04-22,14:21:47.0,,,,,,,8364.62,14.3,12
15/04/2022,18:21:47:468,T,IXN22QKB31000,126,2,1.41e+18,14.3,1,23,I,FH,14:21:47.0,15-04-22,14:21:47.0,,,,,,,8378.92,14.3,12
15/04/2022,18:21:47:468,T,IXN22QKB31000,126,2,1.41e+18,14.3,5,23,I,FH,14:21:47.0,15-04-22,14:21:47.0,,,,,,,8450.42,14.3,3
15/04/2022,18:21:47:482,T,IXN22QKB31000,126,2,1.41e+18,14.3,4,23,I,FH,14:21:47.0,15-04-22,14:21:47.0,,,,,,,8507.62,14.3,3
15/04/2022,18:21:47:482,T,IXN22QKB31000,126,2,1.41e+18,14.3,2,23,I,FH,14:21:47.0,15-04-22,14:21:47.0,,,,,,,8536.22,14.3,12
15/04/2022,18:21:47:482,T,IXN22QKB31000,126,2,1.41e+18,14.3,2,23,I,FH,14:21:47.0,15-04-22,14:21:47.0,,,,,,,8564.82,14.3,5
15/04/2022,18:21:47:482,T,IXN22QKB31000,126,2,1.41e+18,14.3,66,23,I,FH,14:21:47.0,15-04-22,14:21:47.0,,,,,,,9508.62,14.3,17
15/04/2022,18:21:47:966,T,IXN22QKB31000,126,2,1.41e+18,14.3,8,23,I,FH,14:21:47.0,15-04-22,14:21:47.0,,,,,,,9623.02,14.3,17
15/04/2022,18:26:59:821,T,IXN22UGB30000,126,2,1.41e+18,22.5,12,23,I,FH,14:26:59.0,15-04-22,14:26:59.0,,,5,,,,1381.5,20,17
15/04/2022,18:26:59:821,T,IXN22UGB30000,126,2,1.41e+18,22.5,8,23,I,FH,14:26:59.0,15-04-22,14:26:59.0,,,,,,,1561.5,20.5,17
15/04/2022,18:26:59:821,T,IXN22UGB30000,126,2,1.41e+18,22.5,4,23,I,FH,14:26:59.0,15-04-22,14:26:59.0,,,,,,,1651.5,20.5,17
15/04/2022,18:26:59:835,T,IXN22UGB30000,126,2,1.41e+18,22.5,4,23,I,FH,14:26:59.0,15-04-22,14:26:59.0,,,,,,,1741.5,20.5,17
15/04/2022,18:26:59:835,T,IXN22UGB30000,126,2,1.41e+18,22.5,10,23,I,FH,14:26:59.0,15-04-22,14:26:59.0,,,,,,,1966.5,20.5,17
15/04/2022,18:27:05:650,T,IXN22FHB32500,126,2,1.41e+18,9.1,1,23,S,FH,14:27:5.0,15-04-22,14:27:5.0,,,,,,,203.1,9.7,1
15/04/2022,18:27:05:650,T,IXN22FHB32500,126,2,1.41e+18,9.1,1,23,S,FH,14:27:5.0,15-04-22,14:27:5.0,,,,,,,212.2,9.6,1
15/04/2022,18:27:05:650,T,IXN22FHB32500,126,2,1.41e+18,9.1,3,23,S,FH,14:27:5.0,15-04-22,14:27:5.0,,,,,,,239.5,9.6,20
15/04/2022,18:27:48:048,T,IXN22RHB36000,126,2,1.41e+18,54.85,2,23,f,FH,14:27:48.0,15-04-22,14:27:48.0,,,85,,,,164.31,54.77,15
15/04/2022,18:27:48:048,T,IXN22RHB38000,126,2,1.41e+18,73.75,2,23,f,FH,14:27:48.0,15-04-22,14:27:48.0,25,75,75,75,,,147.5,73.75,15
15/04/2022,18:29:16:970,T,IXN22RHB33500,126,2,1.41e+18,34.12,2,23,a,FH,14:29:16.0,15-04-22,14:29:16.0,2,12,12,12,,,68.24,34.12,24
15/04/2022,18:29:31:104,T,IXN22FHB31000,126,2,1.41e+18,15.8,20,23,I,FH,14:29:31.0,15-04-22,14:29:31.0,9,8,8,8,,,316,15.8,19
15/04/2022,18:31:03:068,T,IXN22RHB28500,126,2,1.41e+18,9.7,1,23,I,FH,14:31:3.0,15-04-22,14:31:3.0,,,,,,,9.7,9.7,3
15/04/2022,18:31:07:918,T,IXN22QKB31000,126,2,1.41e+18,15,1,23,I,FH,14:31:7.0,15-04-22,14:31:7.0,,,,,,,9638.02,14,17
15/04/2022,18:31:36:857,T,IXN22FHB35000,126,2,1.41e+18,2.9,1,23,I,FH,14:31:36.0,15-04-22,14:31:36.0,2,,,,,,2.9,2.9,14
15/04/2022,18:45:39:268,T,IXN22FHB31500,126,2,1.41e+18,13.4,1,23,I,FH,14:45:39.0,15-04-22,14:45:39.0,6,4,4,4,,,13.4,13.4,19
15/04/2022,18:49:46:763,T,IXN22RHB32000,126,2,1.41e+18,24.6,1,23,I,FH,14:49:46.0,15-04-22,14:49:46.0,,,6,,,,93.09,23.3,14
15/04/2022,18:49:46:835,T,IXN23AKB30000,126,2,1.41e+18,38.03,1,23,a,FH,14:49:46.0,15-04-22,14:49:46.0,,,,03,,,78.33,39.17,24
15/04/2022,18:51:04:122,T,IXN22FHB32500,126,2,1.41e+18,9,12,23,I,FH,14:51:4.0,15-04-22,14:51:4.0,,,,,,,347.5,9,24
15/04/2022,18:54:29:468,T,IXN22QKB28000,126,2,1.41e+18,4.9,2,23,f,FH,14:54:29.0,15-04-22,14:54:29.0,,,,,,,81.46,3.9,12
15/04/2022,18:54:29:468,T,IXN22QKB28500,126,2,1.41e+18,6.37,1,23,f,FH,14:54:29.0,15-04-22,14:54:29.0,,,7,,,,36.36,6.06,12
15/04/2022,18:54:29:470,T,IXN22QKB30500,126,2,1.41e+18,12.67,1,23,f,FH,14:54:29.0,15-04-22,14:54:29.0,,,,,,,75.62,12.6,12
15/04/2022,18:54:30:703,T,IXN22QKB28500,126,2,1.41e+18,6.31,1,23,f,FH,14:54:30.0,15-04-22,14:54:30.0,,,,,,,42.67,6.1,12
15/04/2022,18:54:30:703,T,IXN22QKB28000,126,2,1.41e+18,5.13,2,23,f,FH,14:54:30.0,15-04-22,14:54:30.0,,,3,,,,91.72,3.99,12
15/04/2022,18:54:30:703,T,IXN22QKB30500,126,2,1.41e+18,13.07,1,23,f,FH,14:54:30.0,15-04-22,14:54:30.0,,,07,,,,88.69,12.67,12
15/04/2022,18:55:29:998,T,IXN22QKB31500,126,2,1.41e+18,18.1,1,23,I,FH,14:55:29.0,15-04-22,14:55:29.0,,,1,,,,180.49,16.4,34
15/04/2022,19:03:07:209,T,IXN22RHB31000,126,2,1.41e+18,19.3,1,23,I,FH,15:3:7.0,15-04-22,15:3:7.0,6,3,3,3,,,19.3,19.3,1
15/04/2022,19:04:39:029,T,IXN22RHB30500,126,2,1.41e+18,17.3,1,23,I,FH,15:4:39.0,15-04-22,15:4:39.0,,,3,,,,50.45,16.8,14
15/04/2022,19:04:42:557,T,IXN22QKB32500,126,2,1.41e+18,23.8,1,23,I,FH,15:4:42.0,15-04-22,15:4:42.0,,,8,,,,2785.96,22.5,17
15/04/2022,19:05:22:026,T,IXN22RHB31000,126,2,1.41e+18,19.45,1,23,a,FH,15:5:22.0,15-04-22,15:5:22.0,,,45,,,,38.75,19.38,36
15/04/2022,19:05:51:978,T,IXN22WIB28000,126,2,1.41e+18,18.8,2,23,I,FH,15:5:51.0,15-04-22,15:5:51.0,4,8,8,8,,,37.6,18.8,19
15/04/2022,19:06:41:478,T,IXN22RHB31000,126,2,1.41e+18,19.3,1,23,I,FH,15:6:41.0,15-04-22,15:6:41.0,,,,,,,58.05,19.3,34
15/04/2022,19:06:51:428,T,IXN22WIB28000,126,2,1.41e+18,18.8,2,23,I,FH,15:6:51.0,15-04-22,15:6:51.0,,,,,,,75.2,18.8,19
15/04/2022,19:07:51:999,T,IXN22QKB30500,126,2,1.41e+18,12.8,1,23,I,FH,15:7:51.0,15-04-22,15:7:51.0,,,,,,,101.49,12.7,19
15/04/2022,19:07:51:999,T,IXN22QKB30500,126,2,1.41e+18,13.16,1,23,f,FH,15:7:51.0,15-04-22,15:7:51.0,,,16,,,,114.65,12.74,5
15/04/2022,19:07:52:006,T,IXN22QKB28500,126,2,1.41e+18,6.1,1,23,I,FH,15:7:52.0,15-04-22,15:7:52.0,,,,,,,48.77,6.1,17
15/04/2022,19:07:55:097,T,IXN22QKB28500,126,2,1.41e+18,6.28,1,23,f,FH,15:7:55.0,15-04-22,15:7:55.0,,,,,,,55.05,6.12,15
15/04/2022,19:07:55:097,T,IXN22QKB30500,126,2,1.41e+18,13.03,1,23,f,FH,15:7:55.0,15-04-22,15:7:55.0,,,,,,,127.68,12.77,15
15/04/2022,19:08:50:722,T,IXN22QKB31000,126,2,1.41e+18,15.4,1,23,I,FH,15:8:50.0,15-04-22,15:8:50.0,,,4,,,,9653.42,14.3,11
15/04/2022,19:09:34:966,T,IXN22QKB31000,126,2,1.41e+18,15.5,6,23,I,FH,15:9:34.0,15-04-22,15:9:34.0,,,5,,,,9746.42,14.5,11
15/04/2022,19:12:54:354,T,IXN22EKB32500,126,2,1.41e+18,5.6,5,23,I,FH,15:12:54.0,15-04-22,15:12:54.0,,,,,,,34.4,5.7,17
15/04/2022,19:15:12:787,T,IXN22QKB33000,126,2,1.41e+18,27.2,1,23,I,FH,15:15:12.0,15-04-22,15:15:12.0,,,2,,,,223.48,24.8,14
15/04/2022,19:17:30:437,T,IXN22RHB27500,126,2,1.41e+18,7,4,23,I,FH,15:17:30.0,15-04-22,15:17:30.0,,,,,,,35.2,7,14
15/04/2022,19:18:46:966,T,IXN22RHB33500,126,2,1.41e+18,33.29,1,23,g,FH,15:18:46.0,15-04-22,15:18:46.0,,,,29,,,101.53,33.84,3
15/04/2022,19:18:46:966,T,IXN22RHB30000,126,2,1.41e+18,14.44,1,23,g,FH,15:18:46.0,15-04-22,15:18:46.0,6,44,44,44,,,14.44,14.44,3
15/04/2022,19:18:46:966,T,IXN22RHB33500,126,2,1.41e+18,33.29,1,23,g,FH,15:18:46.0,15-04-22,15:18:46.0,,,,,,,134.82,33.71,3
15/04/2022,19:18:46:966,T,IXN22RHB30000,126,2,1.41e+18,14.44,1,23,g,FH,15:18:46.0,15-04-22,15:18:46.0,,,,,,,28.88,14.44,3
15/04/2022,19:19:16:306,T,IXN22IGB35000,126,2,1.41e+18,9.3,1,23,I,FH,15:19:16.0,15-04-22,15:19:16.0,12,,,,,,9.3,9.3,19
15/04/2022,19:19:16:306,T,IXN22IGB35000,126,2,1.41e+18,9.3,13,23,I,FH,15:19:16.0,15-04-22,15:19:16.0,,,,,,,130.2,9.3,19
15/04/2022,19:20:21:454,T,IXN23AKB30500,126,2,1.41e+18,36.3,1,23,I,FH,15:20:21.0,15-04-22,15:20:21.0,8,3,3,3,,,36.3,36.3,14
15/04/2022,19:21:51:578,T,IXN22FHB34500,126,2,1.41e+18,3.96,5,23,a,FH,15:21:51.0,15-04-22,15:21:51.0,8,6,6,6,,,19.8,3.96,24
15/04/2022,19:24:21:149,T,IXN22EKB32500,126,2,1.41e+18,5.7,5,23,I,FH,15:24:21.0,15-04-22,15:24:21.0,,,,,,,62.9,5.7,17
15/04/2022,19:25:55:920,T,IXN22TJB30500,126,2,1.41e+18,22.5,2,23,I,FH,15:25:55.0,15-04-22,15:25:55.0,3,5,5,5,,,45,22.5,24
15/04/2022,19:30:55:384,T,IXN22QKB33000,126,2,1.41e+18,26.2,1,23,I,FH,15:30:55.0,15-04-22,15:30:55.0,,,,,,,249.68,25,3
15/04/2022,19:32:20:558,T,IXN22RHB30000,126,2,1.41e+18,14,2,23,I,FH,15:32:20.0,15-04-22,15:32:20.0,,,,,,,56.88,14,2
15/04/2022,19:33:12:723,T,IXN22QKB26000,126,2,1.41e+18,1.95,12,23,I,FH,15:33:12.0,15-04-22,15:33:12.0,,,5,,,,48.15,1.78,2
15/04/2022,19:33:13:723,T,IXN22QKB31000,126,2,1.41e+18,13.7,7,23,I,FH,15:33:13.0,15-04-22,15:33:13.0,,,,,,,9842.32,14.3,19
15/04/2022,19:33:14:609,T,IXN22QKB26000,126,2,1.41e+18,1.95,2,23,I,FH,15:33:14.0,15-04-22,15:33:14.0,,,,,,,52.05,1.79,19
15/04/2022,19:33:14:609,T,IXN22QKB26000,126,2,1.41e+18,1.95,1,23,I,FH,15:33:14.0,15-04-22,15:33:14.0,,,,,,,54,1.8,19
15/04/2022,19:33:16:799,T,IXN22QKB31000,126,2,1.41e+18,13.7,1,23,I,FH,15:33:16.0,15-04-22,15:33:16.0,,,,,,,9856.02,14.3,19
15/04/2022,19:33:24:924,T,IXN22QKB31000,126,2,1.41e+18,13.6,3,23,I,FH,15:33:24.0,15-04-22,15:33:24.0,,,,,,,9896.82,14.3,14
15/04/2022,19:33:24:924,T,IXN22QKB31000,126,2,1.41e+18,13.6,11,23,I,FH,15:33:24.0,15-04-22,15:33:24.0,,,,,,,10046.42,14.3,3
15/04/2022,19:33:24:924,T,IXN22QKB31000,126,2,1.41e+18,13.6,1,23,I,FH,15:33:24.0,15-04-22,15:33:24.0,,,,,,,10060.02,14.3,6
15/04/2022,19:33:28:979,T,IXN22QKB31000,126,2,1.41e+18,13.6,3,23,I,FH,15:33:28.0,15-04-22,15:33:28.0,,,,,,,10100.82,14.3,14
15/04/2022,19:33:28:979,T,IXN22QKB31000,126,2,1.41e+18,13.6,5,23,I,FH,15:33:28.0,15-04-22,15:33:28.0,,,,,,,10168.82,14.3,14
15/04/2022,19:33:28:979,T,IXN22QKB31000,126,2,1.41e+18,13.61,6,23,I,FH,15:33:28.0,15-04-22,15:33:28.0,,,,,,,10250.48,14.32,17
15/04/2022,19:33:28:979,T,IXN22QKB31000,126,2,1.41e+18,13.6,28,23,I,FH,15:33:28.0,15-04-22,15:33:28.0,,,,,,,10631.28,14.3,17
15/04/2022,19:33:28:979,T,IXN22QKB31000,126,2,1.41e+18,13.61,2,23,I,FH,15:33:28.0,15-04-22,15:33:28.0,,,,,,,10658.5,14.29,19
15/04/2022,19:33:28:979,T,IXN22QKB31000,126,2,1.41e+18,13.6,2,23,I,FH,15:33:28.0,15-04-22,15:33:28.0,,,,,,,10685.7,14.3,3
15/04/2022,19:33:28:979,T,IXN22QKB31000,126,2,1.41e+18,13.6,4,23,I,FH,15:33:28.0,15-04-22,15:33:28.0,,,,,,,10740.1,14.3,6
15/04/2022,19:34:07:062,T,IXN22QKB31000,126,2,1.41e+18,13.6,9,23,I,FH,15:34:7.0,15-04-22,15:34:7.0,,,,,,,10862.5,14.3,19
15/04/2022,19:34:07:062,T,IXN22QKB31000,126,2,1.41e+18,13.6,1,23,I,FH,15:34:7.0,15-04-22,15:34:7.0,,,,,,,10876.1,14.3,17
15/04/2022,19:34:08:057,T,IXN22QKB31000,126,2,1.41e+18,13.6,4,23,I,FH,15:34:8.0,15-04-22,15:34:8.0,,,,,,,10930.5,14.3,19
15/04/2022,19:34:13:863,T,IXN22QKB31000,126,2,1.41e+18,13.6,2,23,I,FH,15:34:13.0,15-04-22,15:34:13.0,,,,,,,10957.7,14.3,19
15/04/2022,19:34:19:665,T,IXN22QKB31000,126,2,1.41e+18,13.5,9,23,I,FH,15:34:19.0,15-04-22,15:34:19.0,,,,,,,11079.2,14.5,19
15/04/2022,19:34:26:342,T,IXN22QKB31000,126,2,1.41e+18,13.5,7,23,I,FH,15:34:26.0,15-04-22,15:34:26.0,,,,,,,11173.7,14.5,19
15/04/2022,19:34:26:920,T,IXN22QKB31000,126,2,1.41e+18,13.5,17,23,I,FH,15:34:26.0,15-04-22,15:34:26.0,,,,,,,11403.2,14,19
15/04/2022,19:34:37:315,T,IXN22QKB31000,126,2,1.41e+18,13.4,8,23,I,FH,15:34:37.0,15-04-22,15:34:37.0,,,,,,,11510.4,14.2,14
15/04/2022,19:34:37:315,T,IXN22QKB31000,126,2,1.41e+18,13.41,4,23,I,FH,15:34:37.0,15-04-22,15:34:37.0,,,,,,,11564.04,14.22,17
15/04/2022,19:34:37:315,T,IXN22QKB31000,126,2,1.41e+18,13.4,5,23,I,FH,15:34:37.0,15-04-22,15:34:37.0,,,,,,,11631.04,14.2,17
15/04/2022,19:34:37:375,T,IXN22QKB31000,126,2,1.41e+18,13.4,8,23,I,FH,15:34:37.0,15-04-22,15:34:37.0,,,,,,,11738.24,14.2,19
15/04/2022,19:34:37:375,T,IXN22QKB31000,126,2,1.41e+18,13.4,7,23,I,FH,15:34:37.0,15-04-22,15:34:37.0,,,,,,,11832.04,14.2,17
15/04/2022,19:34:42:643,T,IXN22QKB31000,126,2,1.41e+18,13.4,9,23,I,FH,15:34:42.0,15-04-22,15:34:42.0,,,,,,,11952.64,14.2,19
15/04/2022,19:34:48:481,T,IXN22QKB31000,126,2,1.41e+18,13.3,9,23,I,FH,15:34:48.0,15-04-22,15:34:48.0,,,,,,,12072.34,14.2,19
15/04/2022,19:34:52:535,T,IXN22QKB31000,126,2,1.41e+18,13.3,9,23,I,FH,15:34:52.0,15-04-22,15:34:52.0,,,,,,,12192.04,14.2,19
15/04/2022,19:34:53:797,T,IXN22QKB31000,126,2,1.41e+18,13.3,3,23,I,FH,15:34:53.0,15-04-22,15:34:53.0,,,,,,,12231.94,14.2,2
15/04/2022,19:34:58:152,T,IXN22QKB31000,126,2,1.41e+18,13.3,8,23,I,FH,15:34:58.0,15-04-22,15:34:58.0,,,,,,,12338.34,14.2,14
15/04/2022,19:34:58:152,T,IXN22QKB31000,126,2,1.41e+18,13.31,9,23,I,FH,15:34:58.0,15-04-22,15:34:58.0,,,,,,,12458.13,14.16,19
15/04/2022,19:34:58:152,T,IXN22QKB31000,126,2,1.41e+18,13.31,14,23,I,FH,15:34:58.0,15-04-22,15:34:58.0,,,,,,,12644.47,14.14,17
15/04/2022,19:34:58:152,T,IXN22QKB31000,126,2,1.41e+18,13.3,5,23,I,FH,15:34:58.0,15-04-22,15:34:58.0,,,,,,,12710.97,14.1,3
15/04/2022,19:34:58:152,T,IXN22QKB31000,126,2,1.41e+18,13.3,21,23,I,FH,15:34:58.0,15-04-22,15:34:58.0,,,,,,,12990.27,14.1,3
15/04/2022,19:34:58:152,T,IXN22QKB31000,126,2,1.41e+18,13.3,100,23,I,FH,15:34:58.0,15-04-22,15:34:58.0,,,,,,0,14320.27,14,17
15/04/2022,19:35:03:549,T,IXN22QKB32000,126,2,1.41e+18,18.98,10,23,g,FH,15:35:3.0,15-04-22,15:35:3.0,,,,98,,,459,19.13,6
15/04/2022,19:35:03:549,T,IXN22QKB31000,126,2,1.41e+18,13.58,10,23,g,FH,15:35:3.0,15-04-22,15:35:3.0,,,,,,0,14456.07,14.04,6
15/04/2022,19:37:18:147,T,IXN22QKB31000,126,2,1.41e+18,13.5,9,23,I,FH,15:37:18.0,15-04-22,15:37:18.0,,,,,,9,14577.57,14,19
15/04/2022,19:37:28:253,T,IXN22QKB31000,126,2,1.41e+18,13.4,9,23,I,FH,15:37:28.0,15-04-22,15:37:28.0,,,,,,8,14698.17,14,19
15/04/2022,19:37:33:824,T,IXN22QKB31000,126,2,1.41e+18,13.4,21,23,I,FH,15:37:33.0,15-04-22,15:37:33.0,,,,,,9,14979.57,14,19
15/04/2022,19:37:35:791,T,IXN22QKB31000,126,2,1.41e+18,13.5,7,23,I,FH,15:37:35.0,15-04-22,15:37:35.0,,,,,,6,15074.07,14,19
15/04/2022,19:37:46:537,T,IXN22QKB31000,126,2,1.41e+18,13.4,10,23,I,FH,15:37:46.0,15-04-22,15:37:46.0,,,,,,6,15208.07,14,19
15/04/2022,19:38:02:824,T,IXN22QKB31000,126,2,1.41e+18,13.3,3,23,I,FH,15:38:2.0,15-04-22,15:38:2.0,,,,,,9,15247.97,14,14
15/04/2022,19:38:02:824,T,IXN22QKB31000,126,2,1.41e+18,13.3,1,23,I,FH,15:38:2.0,15-04-22,15:38:2.0,,,,,,0,15261.27,14,14
15/04/2022,19:38:02:824,T,IXN22QKB31000,126,2,1.41e+18,13.3,4,23,I,FH,15:38:2.0,15-04-22,15:38:2.0,,,,,,4,15314.47,14,14
15/04/2022,19:38:02:824,T,IXN22QKB31000,126,2,1.41e+18,13.31,2,23,I,FH,15:38:2.0,15-04-22,15:38:2.0,,,,,,6,15341.09,14,17
15/04/2022,19:38:02:824,T,IXN22QKB31000,126,2,1.41e+18,13.31,12,23,I,FH,15:38:2.0,15-04-22,15:38:2.0,,,,,,8,15500.81,13.99,17
15/04/2022,19:38:02:824,T,IXN22QKB31000,126,2,1.41e+18,13.31,9,23,I,FH,15:38:2.0,15-04-22,15:38:2.0,,,,,,7,15620.6,13.98,19
15/04/2022,19:38:02:824,T,IXN22QKB31000,126,2,1.41e+18,13.3,28,23,I,FH,15:38:2.0,15-04-22,15:38:2.0,,,,,,5,15993,14,19
15/04/2022,19:38:02:824,T,IXN22QKB31000,126,2,1.41e+18,13.3,5,23,I,FH,15:38:2.0,15-04-22,15:38:2.0,,,,,,0,16059.5,14,3
15/04/2022,19:38:02:824,T,IXN22QKB31000,126,2,1.41e+18,13.3,21,23,I,FH,15:38:2.0,15-04-22,15:38:2.0,,,,,,1,16338.8,14,3
15/04/2022,19:38:02:824,T,IXN22QKB31000,126,2,1.41e+18,13.3,16,23,I,FH,15:38:2.0,15-04-22,15:38:2.0,,,,,,7,16551.6,13.9,3
15/04/2022,19:38:02:824,T,IXN22QKB31000,126,2,1.41e+18,13.3,1,23,I,FH,15:38:2.0,15-04-22,15:38:2.0,,,,,,8,16564.9,13.9,6
15/04/2022,19:38:02:824,T,IXN22QKB31000,126,2,1.41e+18,13.3,196,23,I,FH,15:38:2.0,15-04-22,15:38:2.0,,,,,,4,19171.7,13.9,17
15/04/2022,19:38:02:824,T,IXN22QKB31000,126,2,1.41e+18,13.3,12,23,I,FH,15:38:2.0,15-04-22,15:38:2.0,,,,,,6,19331.3,13.8,2
15/04/2022,19:43:35:158,T,IXN22WIB27500,126,2,1.41e+18,16.3,5,23,I,FH,15:43:35.0,15-04-22,15:43:35.0,,3,3,3,,,81.5,16.3,17
15/04/2022,19:44:24:131,T,IXN22EKB32500,126,2,1.41e+18,5.4,5,23,I,FH,15:44:24.0,15-04-22,15:44:24.0,,,,,,,89.9,5.6,17
15/04/2022,19:44:48:868,T,IXN22EKB32500,126,2,1.41e+18,5.5,5,23,I,FH,15:44:48.0,15-04-22,15:44:48.0,,,,,,,117.4,5.5,17
15/04/2022,19:45:03:579,T,IXN22QKB29000,126,2,1.41e+18,6.6,1,23,I,FH,15:45:3.0,15-04-22,15:45:3.0,,,,,,,20.9,7,17
15/04/2022,19:45:33:827,T,IXN22QKB32000,126,2,1.41e+18,19.1,1,23,I,FH,15:45:33.0,15-04-22,15:45:33.0,,,,,,,478.1,19.1,14
15/04/2022,19:47:43:839,T,IXN22FHB32500,126,2,1.41e+18,9.02,1,23,g,FH,15:47:43.0,15-04-22,15:47:43.0,,,,,,,356.52,9.38,3
15/04/2022,19:47:43:839,T,IXN22EKB34500,126,2,1.41e+18,1.65,1,23,g,FH,15:47:43.0,15-04-22,15:47:43.0,,5,5,5,,,1.65,1.65,3
15/04/2022,19:47:43:839,T,IXN22FHB32500,126,2,1.41e+18,9.02,2,23,g,FH,15:47:43.0,15-04-22,15:47:43.0,,,,,,,374.56,9.36,3
15/04/2022,19:47:43:839,T,IXN22EKB34500,126,2,1.41e+18,1.65,2,23,g,FH,15:47:43.0,15-04-22,15:47:43.0,,,,,,,4.95,1.65,3
15/04/2022,19:48:13:475,T,IXN23MKB30000,126,2,1.41e+18,28,1,23,I,FH,15:48:13.0,15-04-22,15:48:13.0,6,,,,,,28,28,17
15/04/2022,19:49:49:441,T,IXN22QKB31000,126,2,1.41e+18,14.4,1,23,I,FH,15:49:49.0,15-04-22,15:49:49.0,,,,,,7,19345.7,13.8,17
15/04/2022,19:50:25:699,T,IXN22QKB31000,126,2,1.41e+18,14.8,1,23,I,FH,15:50:25.0,15-04-22,15:50:25.0,,,,,,8,19360.5,13.8,17
15/04/2022,19:50:29:575,T,IXN22QKB31000,126,2,1.41e+18,14.8,6,23,I,FH,15:50:29.0,15-04-22,15:50:29.0,,,,,,4,19449.3,13.9,19
15/04/2022,19:50:29:575,T,IXN22QKB31000,126,2,1.41e+18,14.8,2,23,I,FH,15:50:29.0,15-04-22,15:50:29.0,,,,,,6,19478.9,13.9,19
15/04/2022,19:50:34:149,T,IXN22FHB32500,126,2,1.41e+18,8.6,1,23,I,FH,15:50:34.0,15-04-22,15:50:34.0,,,,,,,383.16,9.3,14
15/04/2022,19:50:34:149,T,IXN22FHB32500,126,2,1.41e+18,8.6,1,23,I,FH,15:50:34.0,15-04-22,15:50:34.0,,,,,,,391.76,9.3,17
15/04/2022,19:50:34:149,T,IXN22FHB32500,126,2,1.41e+18,8.6,1,23,I,FH,15:50:34.0,15-04-22,15:50:34.0,,,,,,,400.36,9.3,14
15/04/2022,19:50:35:969,T,IXN22QKB31000,126,2,1.41e+18,14.8,9,23,I,FH,15:50:35.0,15-04-22,15:50:35.0,,,,,,5,19612.1,13.9,19
15/04/2022,19:50:42:837,T,IXN22QKB31000,126,2,1.41e+18,14.8,1,23,I,FH,15:50:42.0,15-04-22,15:50:42.0,,,,,,6,19626.9,13.9,19
15/04/2022,19:50:50:759,T,IXN22QKB31000,126,2,1.41e+18,14.9,10,23,I,FH,15:50:50.0,15-04-22,15:50:50.0,,,,,,6,19775.9,13.9,19
15/04/2022,19:50:58:172,T,IXN22QKB31000,126,2,1.41e+18,14.9,7,23,I,FH,15:50:58.0,15-04-22,15:50:58.0,,,,,,3,19880.2,13.9,19
15/04/2022,19:51:05:672,T,IXN22QKB31000,126,2,1.41e+18,15,1,23,I,FH,15:51:5.0,15-04-22,15:51:5.0,,,,,,4,19895.2,14,17
15/04/2022,19:51:10:759,T,IXN22QKB31000,126,2,1.41e+18,15,8,23,I,FH,15:51:10.0,15-04-22,15:51:10.0,,,,,,2,20015.2,14,19
15/04/2022,19:51:12:780,T,IXN22QKB31000,126,2,1.41e+18,15,3,23,I,FH,15:51:12.0,15-04-22,15:51:12.0,,,,,,5,20060.2,14,19
15/04/2022,19:51:23:676,T,IXN22QKB31000,126,2,1.41e+18,15.1,10,23,I,FH,15:51:23.0,15-04-22,15:51:23.0,,,,,,5,20211.2,13.9,19
15/04/2022,19:51:35:518,T,IXN22EKB32000,126,2,1.41e+18,6,1,23,I,FH,15:51:35.0,15-04-22,15:51:35.0,,,,,,,30.22,8,24
15/04/2022,19:51:37:328,T,IXN22QKB31000,126,2,1.41e+18,15.2,1,23,I,FH,15:51:37.0,15-04-22,15:51:37.0,,,,,,6,20226.4,13.9,17
15/04/2022,19:51:45:987,T,IXN22UGB27500,126,2,1.41e+18,14.1,1,23,I,FH,15:51:45.0,15-04-22,15:51:45.0,9,1,1,1,,,14.1,14.1,1
15/04/2022,19:51:45:987,T,IXN22UGB27500,126,2,1.41e+18,14.1,4,23,I,FH,15:51:45.0,15-04-22,15:51:45.0,,,,,,,70.5,14.1,1
15/04/2022,19:51:45:987,T,IXN22UGB27500,126,2,1.41e+18,14.1,2,23,I,FH,15:51:45.0,15-04-22,15:51:45.0,,,,,,,98.7,14.1,20
15/04/2022,19:51:47:047,T,IXN22UGB27500,126,2,1.41e+18,14.1,1,23,I,FH,15:51:47.0,15-04-22,15:51:47.0,,,,,,,112.8,14.1,19
15/04/2022,19:51:47:047,T,IXN22UGB27500,126,2,1.41e+18,14.1,4,23,I,FH,15:51:47.0,15-04-22,15:51:47.0,,,,,,,169.2,14.1,11
15/04/2022,19:51:47:512,T,IXN22QKB31000,126,2,1.41e+18,15.3,1,23,I,FH,15:51:47.0,15-04-22,15:51:47.0,,,,,,7,20241.7,13.9,19
15/04/2022,19:51:47:512,T,IXN22QKB31000,126,2,1.41e+18,15.3,9,23,I,FH,15:51:47.0,15-04-22,15:51:47.0,,,,,,6,20379.4,13.9,19
15/04/2022,19:51:51:864,T,IXN22QKB31000,126,2,1.41e+18,15.3,10,23,I,FH,15:51:51.0,15-04-22,15:51:51.0,,,,,,6,20532.4,13.9,19
15/04/2022,19:51:53:877,T,IXN22QKB31000,126,2,1.41e+18,15.3,2,23,I,FH,15:51:53.0,15-04-22,15:51:53.0,,,,,,8,20563,13.9,19
15/04/2022,19:51:53:877,T,IXN22QKB31000,126,2,1.41e+18,15.3,3,23,I,FH,15:51:53.0,15-04-22,15:51:53.0,,,,,,1,20608.9,13.9,19
15/04/2022,19:52:10:184,T,IXN22QKB31000,126,2,1.41e+18,15.5,11,23,I,FH,15:52:10.0,15-04-22,15:52:10.0,,,,,,2,20779.4,14,19
15/04/2022,19:52:20:323,T,IXN22QKB31000,126,2,1.41e+18,15.5,1,23,I,FH,15:52:20.0,15-04-22,15:52:20.0,,,,,,3,20794.9,14,12
15/04/2022,19:52:20:323,T,IXN22QKB31000,126,2,1.41e+18,15.5,1,23,I,FH,15:52:20.0,15-04-22,15:52:20.0,,,,,,4,20810.4,14,12
15/04/2022,19:52:20:323,T,IXN22QKB31000,126,2,1.41e+18,15.5,2,23,I,FH,15:52:20.0,15-04-22,15:52:20.0,,,,,,6,20841.4,14,6
15/04/2022,19:55:19:973,T,IXN22QKB32000,126,2,1.41e+18,20.4,1,23,f,FH,15:55:19.0,15-04-22,15:55:19.0,,,4,,,,498.5,19.2,15
15/04/2022,19:55:19:973,T,IXN22QKB29000,126,2,1.41e+18,7.4,1,23,f,FH,15:55:19.0,15-04-22,15:55:19.0,,,,,,,28.3,7.1,15
15/04/2022,19:57:59:735,T,IXN22QKB31500,126,2,1.41e+18,17.9,1,23,I,FH,15:57:59.0,15-04-22,15:57:59.0,,,,,,,198.39,16.5,19
15/04/2022,19:58:13:982,T,IXN22QKB31500,126,2,1.41e+18,17.9,1,23,I,FH,15:58:13.0,15-04-22,15:58:13.0,,,,,,,216.29,16.6,19
15/04/2022,19:58:13:982,T,IXN22QKB31500,126,2,1.41e+18,17.9,7,23,I,FH,15:58:13.0,15-04-22,15:58:13.0,,,,,,,341.59,17.1,19
15/04/2022,19:59:03:511,T,IXN22QKB31000,126,2,1.41e+18,15.3,1,23,I,FH,15:59:3.0,15-04-22,15:59:3.0,,,,,,7,20856.7,13.9,14
